dialogue_id,locale,line_index,speaker_role,text,category,usage_scope,enabled,full_text,source_id,source_text
hello_world_test,en,0,speaker,hello world..!?,test,test,true,hello world..!?,,
phrase_skill_0001,en,0,speaker,That's your cue!,tv_specific,context_only,false,That's your cue!,tv.skill.L0001,That's your cue!
phrase_skill_0001,th,0,speaker,ถึงคิวแล้ว!,tv_specific,context_only,false,ถึงคิวแล้ว!,tv.skill.L0001,That's your cue!
phrase_skill_0002,en,0,speaker,"Testing, one, two, three...",tv_specific,context_only,false,"Testing, one, two, three...",tv.skill.L0002,"Testing, one, two, three..."
phrase_skill_0002,th,0,speaker,ทดสอบไมค์...,tv_specific,context_only,false,ทดสอบ หนึ่ง สอง สาม...,tv.skill.L0002,"Testing, one, two, three..."
phrase_skill_0003,en,0,speaker,"Star wipe out, and go to commercial!",tv_specific,context_only,false,"Star wipe out, and go to commercial!",tv.skill.L0003,"Star wipe out, and go to commercial!"
phrase_skill_0003,th,0,speaker,เข้าโฆษณาเลย!,tv_specific,context_only,false,ใช้เอฟเฟกต์ดาวเปลี่ยนฉาก แล้วเข้าโฆษณาเลย!,tv.skill.L0003,"Star wipe out, and go to commercial!"
phrase_skill_0004,en,0,speaker,"Finally, I can see what I'm doing.",tv_specific,context_only,false,"Finally, I can see what I'm doing.",tv.skill.L0004,"Finally, I can see what I'm doing."
phrase_skill_0004,th,0,speaker,มองเห็นแล้ว!,tv_specific,context_only,false,ในที่สุดก็มองเห็นเสียทีว่ากำลังทำอะไรอยู่,tv.skill.L0004,"Finally, I can see what I'm doing."
phrase_skill_0005,en,0,speaker,Looking good!,tv_specific,context_only,false,Looking good!,tv.skill.L0005,Looking good!
phrase_skill_0005,th,0,speaker,ดูดีเลย!,tv_specific,context_only,false,ดูดีเลย!,tv.skill.L0005,Looking good!
phrase_skill_0006,en,0,speaker,Autocue ready!,tv_specific,context_only,false,Autocue ready!,tv.skill.L0006,Autocue ready!
phrase_skill_0006,th,0,speaker,พร้อมบอกบท!,tv_specific,context_only,false,เครื่องบอกบทพร้อมแล้ว!,tv.skill.L0006,Autocue ready!
phrase_skill_0007,en,0,speaker,Cut! Do it again!,tv_specific,context_only,false,Cut! Do it again!,tv.skill.L0007,Cut! Do it again!
phrase_skill_0007,th,0,speaker,คัต! เอาใหม่!,tv_specific,context_only,false,คัต! เอาใหม่อีกที!,tv.skill.L0007,Cut! Do it again!
phrase_skill_0008,en,0,speaker,There's nothing ADR can't fix... Right?,tv_specific,context_only,false,There's nothing ADR can't fix... Right?,tv.skill.L0008,There's nothing ADR can't fix... Right?
phrase_skill_0008,th,0,speaker,พากย์ทับก็ได้?,tv_specific,context_only,false,ไม่มีอะไรที่การพากย์เสียงทับแก้ไม่ได้... ใช่ไหม?,tv.skill.L0008,There's nothing ADR can't fix... Right?
phrase_text_0312,en,0,speaker,"The <0> genre, huh?",tv_specific,template,false,"The <0> genre, huh?",tv.text.L0312,"The <0> genre, huh?"
phrase_text_0312,th,0,speaker,แนว <0> งั้นเหรอ?,tv_specific,template,false,แนว <0> งั้นเหรอ?,tv.text.L0312,"The <0> genre, huh?"
phrase_text_0313,en,0,speaker,"It's about <0>, so...",tv_specific,template,false,"It's about <0>, so...",tv.text.L0313,"It's about <0>, so..."
phrase_text_0313,th,0,speaker,เป็นเรื่องเกี่ยวกับ <0> งั้น...,tv_specific,template,false,เป็นเรื่องเกี่ยวกับ <0> งั้น...,tv.text.L0313,"It's about <0>, so..."
phrase_text_0314,en,0,speaker,Hope there's something good.,work_progress,office,false,Hope there's something good.,tv.text.L0314,Hope there's something good.
phrase_text_0314,th,0,speaker,ขอให้มีของดี,work_progress,office,true,หวังว่าจะมีอะไรดี ๆ นะ,tv.text.L0314,Hope there's something good.
phrase_text_0315,en,0,speaker,It's all in the little details...,work_progress,office,false,It's all in the little details...,tv.text.L0315,It's all in the little details...
phrase_text_0315,th,0,speaker,เก็บรายละเอียด,work_progress,office,true,รายละเอียดเล็ก ๆ นี่แหละสำคัญ...,tv.text.L0315,It's all in the little details...
phrase_text_0316,en,0,speaker,This is going to be fun.,anticipation,office,false,This is going to be fun.,tv.text.L0316,This is going to be fun.
phrase_text_0316,th,0,speaker,ต้องสนุกแน่,anticipation,office,true,งานนี้ต้องสนุกแน่,tv.text.L0316,This is going to be fun.
phrase_text_0317,en,0,speaker,Keep it up!,encouragement,office,true,<po=m><co=1c25ef>Keep it up!,tv.text.L0317,<po=m><co=1c25ef>Keep it up!
phrase_text_0317,th,0,speaker,สู้ ๆ!,encouragement,office,true,ทำต่อไป สู้ ๆ!,tv.text.L0317,<po=m><co=1c25ef>Keep it up!
phrase_text_0318,en,0,speaker,We're not done yet!,work_progress,office,false,<po=m><co=1c25ef>We're not done yet!,tv.text.L0318,<po=m><co=1c25ef>We're not done yet!
phrase_text_0318,th,0,speaker,ยังไม่เสร็จนะ!,work_progress,office,true,เรายังไม่เสร็จเลยนะ!,tv.text.L0318,<po=m><co=1c25ef>We're not done yet!
phrase_text_0319,en,0,speaker,<0>... How original!,tv_specific,template,false,<0>... How original!,tv.text.L0319,<0>... How original!
phrase_text_0319,th,0,speaker,<0>... แปลกใหม่ดี!,tv_specific,template,false,<0>... แปลกใหม่ดี!,tv.text.L0319,<0>... How original!
phrase_text_0320,en,0,speaker,"<0>, huh? Nice.",tv_specific,template,false,"<0>, huh? Nice.",tv.text.L0320,"<0>, huh? Nice."
phrase_text_0320,th,0,speaker,<0> งั้นเหรอ? ดีเลย,tv_specific,template,false,<0> งั้นเหรอ? ดีเลย,tv.text.L0320,"<0>, huh? Nice."
phrase_text_0321,en,0,speaker,"The theme is <0>, so...",tv_specific,template,false,"The theme is <0>, so...",tv.text.L0321,"The theme is <0>, so..."
phrase_text_0321,th,0,speaker,ธีมคือ <0> งั้น...,tv_specific,template,false,ธีมคือ <0> งั้น...,tv.text.L0321,"The theme is <0>, so..."
phrase_text_0322,en,0,speaker,"For the <0> theme, we can...",tv_specific,template,false,"For the <0> theme, we can...",tv.text.L0322,"For the <0> theme, we can..."
phrase_text_0322,th,0,speaker,ถ้าเป็นธีม <0> เราก็...,tv_specific,template,false,ถ้าเป็นธีม <0> เราก็...,tv.text.L0322,"For the <0> theme, we can..."
phrase_text_0323,en,0,speaker,I'm getting hungry...,food_drink,context_only,false,I'm getting hungry...,tv.text.L0323,I'm getting hungry...
phrase_text_0323,th,0,speaker,หิวแล้ว...,food_drink,context_only,false,เริ่มหิวแล้ว...,tv.text.L0323,I'm getting hungry...
phrase_text_0324,en,0,speaker,"Oh, now this is something!",work_progress,office,false,"Oh, now this is something!",tv.text.L0324,"Oh, now this is something!"
phrase_text_0324,th,0,speaker,อันนี้เข้าท่า!,work_progress,office,true,โอ้ อันนี้น่าสนใจเลย!,tv.text.L0324,"Oh, now this is something!"
phrase_text_0325,en,0,speaker,I like it. Let's go with this!,work_progress,office,false,I like it. Let's go with this!,tv.text.L0325,I like it. Let's go with this!
phrase_text_0325,th,0,speaker,เอาแบบนี้เลย!,work_progress,office,true,ชอบเลย เอาแบบนี้แหละ!,tv.text.L0325,I like it. Let's go with this!
phrase_text_0326,en,0,speaker,What a concept!,praise,office,false,What a concept!,tv.text.L0326,What a concept!
phrase_text_0326,th,0,speaker,ไอเดียเจ๋ง!,praise,office,true,ไอเดียนี้เจ๋งจริง ๆ!,tv.text.L0326,What a concept!
phrase_text_0327,en,0,speaker,I've got some good material.,work_progress,office,false,I've got some good material.,tv.text.L0327,I've got some good material.
phrase_text_0327,th,0,speaker,ได้เนื้อหาดีแล้ว,work_progress,office,true,ได้เนื้อหาดี ๆ มาแล้ว,tv.text.L0327,I've got some good material.
phrase_text_0328,en,0,speaker,Coming together nicely.,work_progress,office,false,Coming together nicely.,tv.text.L0328,Coming together nicely.
phrase_text_0328,th,0,speaker,เริ่มลงตัวแล้ว,work_progress,office,true,เริ่มเป็นรูปเป็นร่างแล้ว,tv.text.L0328,Coming together nicely.
phrase_text_0329,en,0,speaker,It's all coming together.,work_progress,office,false,It's all coming together.,tv.text.L0329,It's all coming together.
phrase_text_0329,th,0,speaker,ลงตัวแล้ว,work_progress,office,true,ทุกอย่างเริ่มลงตัวแล้ว,tv.text.L0329,It's all coming together.
phrase_text_0330,en,0,speaker,I just need a bit more...,work_progress,office,false,I just need a bit more...,tv.text.L0330,I just need a bit more...
phrase_text_0330,th,0,speaker,อีกนิดเดียว...,work_progress,office,true,ขออีกนิดเดียว...,tv.text.L0330,I just need a bit more...
phrase_text_0331,en,0,speaker,Tweaking the details...,work_progress,office,false,Tweaking the details...,tv.text.L0331,Tweaking the details...
phrase_text_0331,th,0,speaker,ปรับอีกนิด...,work_progress,office,true,กำลังปรับรายละเอียด...,tv.text.L0331,Tweaking the details...
phrase_text_0332,en,0,speaker,"Now, the finishing touches.",work_progress,office,false,"Now, the finishing touches.",tv.text.L0332,"Now, the finishing touches."
phrase_text_0332,th,0,speaker,เก็บงานอีกนิด,work_progress,office,true,เก็บงานขั้นสุดท้ายแล้ว,tv.text.L0332,"Now, the finishing touches."
phrase_text_0333,en,0,speaker,Hm... Nice idea!,praise,office,false,Hm... Nice idea!,tv.text.L0333,Hm... Nice idea!
phrase_text_0333,th,0,speaker,ไอเดียดีนะ!,praise,office,true,อืม... ไอเดียดีนะ!,tv.text.L0333,Hm... Nice idea!
phrase_text_0334,en,0,speaker,Hm... Looking good!,praise,office,false,Hm... Looking good!,tv.text.L0334,Hm... Looking good!
phrase_text_0334,th,0,speaker,ดูดีเลย!,praise,office,true,อืม... ดูดีเลย!,tv.text.L0334,Hm... Looking good!
phrase_text_0335,en,0,speaker,Hm... Not bad at all!,praise,office,false,Hm... Not bad at all!,tv.text.L0335,Hm... Not bad at all!
phrase_text_0335,th,0,speaker,ไม่เลวเลย!,praise,office,true,อืม... ไม่เลวเลยนะ!,tv.text.L0335,Hm... Not bad at all!
phrase_text_0336,en,0,speaker,Piece of cake!,work_start,office,true,Piece of cake!,tv.text.L0336,Piece of cake!
phrase_text_0336,th,0,speaker,ง่ายนิดเดียว!,work_start,office,true,ง่ายนิดเดียว!,tv.text.L0336,Piece of cake!
phrase_text_0337,en,0,speaker,Bam! It's done!,work_complete,office,true,Bam! It's done!,tv.text.L0337,Bam! It's done!
phrase_text_0337,th,0,speaker,ปัง! เสร็จแล้ว!,work_complete,office,true,ปัง! เสร็จแล้ว!,tv.text.L0337,Bam! It's done!
phrase_text_0338,en,0,speaker,In there like swimwear!,work_complete,office,false,In there like swimwear!,tv.text.L0338,In there like swimwear!
phrase_text_0338,th,0,speaker,ลงตัวเป๊ะ!,work_complete,office,true,เรียบร้อย ลงตัวเป๊ะ!,tv.text.L0338,In there like swimwear!
phrase_text_0339,en,0,speaker,Phew... That's a wrap.,work_complete,office,false,Phew... That's a wrap.,tv.text.L0339,Phew... That's a wrap.
phrase_text_0339,th,0,speaker,เฮ้อ เสร็จแล้ว,work_complete,office,true,เฮ้อ... เสร็จงานแล้ว,tv.text.L0339,Phew... That's a wrap.
phrase_text_0340,en,0,speaker,That should do it.,work_complete,office,false,That should do it.,tv.text.L0340,That should do it.
phrase_text_0340,th,0,speaker,น่าจะพอแล้ว,work_complete,office,true,เท่านี้น่าจะพอแล้ว,tv.text.L0340,That should do it.
phrase_text_0341,en,0,speaker,This'll be a good one!,anticipation,office,false,This'll be a good one!,tv.text.L0341,This'll be a good one!
phrase_text_0341,th,0,speaker,ต้องออกมาดีแน่!,anticipation,office,true,งานนี้ต้องออกมาดีแน่!,tv.text.L0341,This'll be a good one!
phrase_text_0342,en,0,speaker,Turned out better than I thought.,work_complete,office,false,Turned out better than I thought.,tv.text.L0342,Turned out better than I thought.
phrase_text_0342,th,0,speaker,ดีกว่าที่คิด!,work_complete,office,true,ออกมาดีกว่าที่คิดอีก,tv.text.L0342,Turned out better than I thought.
phrase_text_0343,en,0,speaker,Got a good feeling about this.,anticipation,office,false,Got a good feeling about this.,tv.text.L0343,Got a good feeling about this.
phrase_text_0343,th,0,speaker,มีแววดีนะ,anticipation,office,true,รู้สึกว่างานนี้จะไปได้สวย,tv.text.L0343,Got a good feeling about this.
phrase_text_0366,en,0,speaker,Congrats!,praise,office,true,Congrats!,tv.text.L0366,Congrats!
phrase_text_0366,th,0,speaker,ยินดีด้วย!,praise,office,true,ยินดีด้วย!,tv.text.L0366,Congrats!
phrase_text_0402,en,0,speaker,Here we go...,work_start,office,true,Here we go...,tv.text.L0402,Here we go...
phrase_text_0402,th,0,speaker,เริ่มกันเลย...,work_start,office,true,เอาล่ะ เริ่มกัน...,tv.text.L0402,Here we go...
phrase_text_0404,en,0,speaker,Finished!,work_complete,office,true,Finished!,tv.text.L0404,Finished!
phrase_text_0404,th,0,speaker,เสร็จแล้ว!,work_complete,office,true,เสร็จแล้ว!,tv.text.L0404,Finished!
phrase_text_0499,en,0,speaker,Hmm...,work_progress,office,true,Hmm...,tv.text.L0499,Hmm...
phrase_text_0499,th,0,speaker,อืม...,work_progress,office,true,อืม...,tv.text.L0499,Hmm...
phrase_text_0597,en,0,speaker,Leave it to me!,work_start,office,false,Leave it to me!,tv.text.L0597,Leave it to me!
phrase_text_0597,th,0,speaker,ฉันจัดการเอง!,work_start,office,true,ไว้ใจได้เลย ฝากฉันจัดการเอง!,tv.text.L0597,Leave it to me!
phrase_text_0598,en,0,speaker,This isn't really my area...,uncertainty,office,false,This isn't really my area...,tv.text.L0598,This isn't really my area...
phrase_text_0598,th,0,speaker,ไม่ค่อยถนัด...,uncertainty,office,true,เรื่องนี้ไม่ค่อยถนัดเลย...,tv.text.L0598,This isn't really my area...
phrase_text_0599,en,0,speaker,I'll do my best.,work_start,office,true,I'll do my best.,tv.text.L0599,I'll do my best.
phrase_text_0599,th,0,speaker,จะทำให้เต็มที่,work_start,office,true,จะทำให้ดีที่สุด,tv.text.L0599,I'll do my best.
phrase_text_0602,en,0,speaker,Thanks!,conversation_reply,office,true,Thanks!,tv.text.L0602,Thanks!
phrase_text_0602,th,0,speaker,ขอบคุณ!,conversation_reply,office,true,ขอบคุณ!,tv.text.L0602,Thanks!
phrase_text_0619,en,0,speaker,*gulp*,uncertainty,office,true,*gulp*,tv.text.L0619,*gulp*
phrase_text_0619,th,0,speaker,เอื๊อก...,uncertainty,office,true,เอื๊อก...,tv.text.L0619,*gulp*
phrase_text_0620,en,0,speaker,"Aw, man...",disappointment,office,true,"Aw, man...",tv.text.L0620,"Aw, man..."
phrase_text_0620,th,0,speaker,โธ่เอ๊ย...,disappointment,office,true,โธ่เอ๊ย...,tv.text.L0620,"Aw, man..."
phrase_text_0621,en,0,speaker,Let's do this.,work_start,office,true,Let's do this.,tv.text.L0621,Let's do this.
phrase_text_0621,th,0,speaker,มาลุยกัน,work_start,office,true,มาลุยกัน,tv.text.L0621,Let's do this.
phrase_text_0622,en,0,speaker,Nice!,praise,office,true,Nice!,tv.text.L0622,Nice!
phrase_text_0622,th,0,speaker,ดีเลย!,praise,office,true,ดีเลย!,tv.text.L0622,Nice!
phrase_text_0623,en,0,speaker,Woohoo!,celebration,office,true,Woohoo!,tv.text.L0623,Woohoo!
phrase_text_0623,th,0,speaker,วู้ฮู!,celebration,office,true,วู้ฮู!,tv.text.L0623,Woohoo!
phrase_text_0624,en,0,speaker,Can't wait.,anticipation,office,true,Can't wait.,tv.text.L0624,Can't wait.
phrase_text_0624,th,0,speaker,รอไม่ไหวแล้ว,anticipation,office,true,รอไม่ไหวแล้ว,tv.text.L0624,Can't wait.
phrase_text_0685,en,0,speaker,Well done!,praise,office,true,Well done!,tv.text.L0685,Well done!
phrase_text_0685,th,0,speaker,เก่งมาก!,praise,office,true,ทำได้ดีมาก!,tv.text.L0685,Well done!
phrase_text_0689,en,0,speaker,Something might be here...,work_progress,context_only,false,Something might be here...,tv.text.L0689,Something might be here...
phrase_text_0689,th,0,speaker,ตรงนี้มีอะไรนะ,work_progress,context_only,false,อาจมีอะไรอยู่ตรงนี้...,tv.text.L0689,Something might be here...
phrase_text_0856,en,0,speaker,Yes!,conversation_reply,office,true,Yes!,tv.text.L0856,Yes!
phrase_text_0856,th,0,speaker,ได้เลย!,conversation_reply,office,true,ได้เลย!,tv.text.L0856,Yes!
phrase_text_0857,en,0,speaker,Thanks.,conversation_reply,office,true,Thanks.,tv.text.L0857,Thanks.
phrase_text_0857,th,0,speaker,ขอบคุณนะ,conversation_reply,office,true,ขอบคุณนะ,tv.text.L0857,Thanks.
phrase_text_0858,en,0,speaker,I'll get going.,leaving,office,true,I'll get going.,tv.text.L0858,I'll get going.
phrase_text_0858,th,0,speaker,ไปก่อนนะ,leaving,office,true,งั้นไปก่อนนะ,tv.text.L0858,I'll get going.
phrase_text_0859,en,0,speaker,Woohoo!,celebration,office,true,Woohoo!,tv.text.L0859,Woohoo!
phrase_text_0859,th,0,speaker,วู้ฮู!,celebration,office,true,วู้ฮู!,tv.text.L0859,Woohoo!
phrase_text_0860,en,0,speaker,Oops...,disappointment,office,true,Oops...,tv.text.L0860,Oops...
phrase_text_0860,th,0,speaker,อุ๊ย...,disappointment,office,true,อุ๊ย พลาดแล้ว...,tv.text.L0860,Oops...
phrase_text_0861,en,0,speaker,Good job.,praise,office,true,Good job.,tv.text.L0861,Good job.
phrase_text_0861,th,0,speaker,เก่งมาก,praise,office,true,ทำได้ดีมาก,tv.text.L0861,Good job.
phrase_text_0862,en,0,speaker,"Hey, listen!",conversation_open,office,true,"Hey, listen!",tv.text.L0862,"Hey, listen!"
phrase_text_0862,th,0,speaker,นี่ ฟังหน่อย!,conversation_open,office,true,นี่ ฟังหน่อยสิ!,tv.text.L0862,"Hey, listen!"
phrase_text_0863,en,0,speaker,Hmm...,work_progress,office,true,Hmm...,tv.text.L0863,Hmm...
phrase_text_0863,th,0,speaker,อืม...,work_progress,office,true,อืม...,tv.text.L0863,Hmm...
phrase_text_0864,en,0,speaker,I see!,conversation_reply,office,true,I see!,tv.text.L0864,I see!
phrase_text_0864,th,0,speaker,เข้าใจแล้ว!,conversation_reply,office,true,เข้าใจแล้ว!,tv.text.L0864,I see!
phrase_text_0865,en,0,speaker,What?!,surprise,office,true,What?!,tv.text.L0865,What?!
phrase_text_0865,th,0,speaker,ว่าไงนะ?!,surprise,office,true,ว่าไงนะ?!,tv.text.L0865,What?!
phrase_text_0866,en,0,speaker,Here you go.,conversation_reply,context_only,false,Here you go.,tv.text.L0866,Here you go.
phrase_text_0866,th,0,speaker,นี่ รับไป,conversation_reply,context_only,false,นี่ ให้เธอ,tv.text.L0866,Here you go.
phrase_text_0867,en,0,speaker,Let's do this!,work_start,office,true,Let's do this!,tv.text.L0867,Let's do this!
phrase_text_0867,th,0,speaker,ลุยกันเลย!,work_start,office,true,มาลุยกันเลย!,tv.text.L0867,Let's do this!
phrase_text_0868,en,0,speaker,Almost there.,work_progress,office,true,Almost there.,tv.text.L0868,Almost there.
phrase_text_0868,th,0,speaker,ใกล้เสร็จแล้ว,work_progress,office,true,ใกล้เสร็จแล้ว,tv.text.L0868,Almost there.
phrase_text_0869,en,0,speaker,I'm beat.,fatigue,office,true,I'm beat.,tv.text.L0869,I'm beat.
phrase_text_0869,th,0,speaker,เหนื่อยจัง,fatigue,office,true,เหนื่อยหมดแรงแล้ว,tv.text.L0869,I'm beat.
phrase_text_0870,en,0,speaker,See you.,leaving,office,true,See you.,tv.text.L0870,See you.
phrase_text_0870,th,0,speaker,แล้วเจอกัน,leaving,office,true,แล้วเจอกันนะ,tv.text.L0870,See you.
phrase_text_0871,en,0,speaker,Morning!,greeting,office,true,Morning!,tv.text.L0871,Morning!
phrase_text_0871,th,0,speaker,อรุณสวัสดิ์!,greeting,office,true,อรุณสวัสดิ์!,tv.text.L0871,Morning!
phrase_text_0872,en,0,speaker,Hello!,greeting,office,true,Hello!,tv.text.L0872,Hello!
phrase_text_0872,th,0,speaker,สวัสดี!,greeting,office,true,สวัสดี!,tv.text.L0872,Hello!
phrase_text_0873,en,0,speaker,What is it?,conversation_reply,office,true,What is it?,tv.text.L0873,What is it?
phrase_text_0873,th,0,speaker,มีอะไรเหรอ?,conversation_reply,office,true,มีอะไรเหรอ?,tv.text.L0873,What is it?
phrase_text_0874,en,0,speaker,Let's go!,work_start,office,true,Let's go!,tv.text.L0874,Let's go!
phrase_text_0874,th,0,speaker,ไปกันเถอะ!,work_start,office,true,ไปกันเถอะ!,tv.text.L0874,Let's go!
phrase_text_0875,en,0,speaker,"C'mon, relax.",encouragement,office,true,"C'mon, relax.",tv.text.L0875,"C'mon, relax."
phrase_text_0875,th,0,speaker,ใจเย็น ๆ นะ,encouragement,office,true,เอาน่า ผ่อนคลายหน่อย,tv.text.L0875,"C'mon, relax."
phrase_text_0876,en,0,speaker,Watch this!,work_start,office,true,Watch this!,tv.text.L0876,Watch this!
phrase_text_0876,th,0,speaker,ดูให้ดีนะ!,work_start,office,true,ดูให้ดีนะ!,tv.text.L0876,Watch this!
phrase_text_0877,en,0,speaker,My turn.,work_start,office,true,My turn.,tv.text.L0877,My turn.
phrase_text_0877,th,0,speaker,ตาฉันแล้ว,work_start,office,true,ตาฉันแล้ว,tv.text.L0877,My turn.
phrase_text_0878,en,0,speaker,Gotcha!,conversation_reply,office,true,Gotcha!,tv.text.L0878,Gotcha!
phrase_text_0878,th,0,speaker,เข้าใจแล้ว!,conversation_reply,office,true,เข้าใจแล้ว!,tv.text.L0878,Gotcha!
phrase_text_0879,en,0,speaker,Goal!,tv_specific,context_only,false,Goal!,tv.text.L0879,Goal!
phrase_text_0879,th,0,speaker,เข้าโกล!,tv_specific,context_only,false,เข้าโกลแล้ว!,tv.text.L0879,Goal!
phrase_text_0880,en,0,speaker,Cool!,praise,office,true,Cool!,tv.text.L0880,Cool!
phrase_text_0880,th,0,speaker,เจ๋งเลย!,praise,office,true,เจ๋งเลย!,tv.text.L0880,Cool!
phrase_text_0881,en,0,speaker,I dunno...,uncertainty,office,true,I dunno...,tv.text.L0881,I dunno...
phrase_text_0881,th,0,speaker,ไม่รู้สิ...,uncertainty,office,true,ไม่รู้เหมือนกัน...,tv.text.L0881,I dunno...
phrase_text_0882,en,0,speaker,Done!,work_complete,office,true,Done!,tv.text.L0882,Done!
phrase_text_0882,th,0,speaker,เสร็จแล้ว!,work_complete,office,true,เสร็จแล้ว!,tv.text.L0882,Done!
phrase_text_0883,en,0,speaker,"Wow, amazing!",praise,office,false,"Wow, amazing!",tv.text.L0883,"Wow, amazing!"
phrase_text_0883,th,0,speaker,สุดยอดเลย!,praise,office,true,ว้าว สุดยอดเลย!,tv.text.L0883,"Wow, amazing!"
phrase_text_0884,en,0,speaker,Boring...,disappointment,context_only,false,Boring...,tv.text.L0884,Boring...
phrase_text_0884,th,0,speaker,น่าเบื่อ...,disappointment,context_only,false,น่าเบื่อจัง...,tv.text.L0884,Boring...
phrase_text_0885,en,0,speaker,Incredible!,praise,office,true,Incredible!,tv.text.L0885,Incredible!
phrase_text_0885,th,0,speaker,เหลือเชื่อ!,praise,office,true,เหลือเชื่อเลย!,tv.text.L0885,Incredible!
phrase_text_0886,en,0,speaker,How nice!,praise,office,true,How nice!,tv.text.L0886,How nice!
phrase_text_0886,th,0,speaker,ดีจังเลย!,praise,office,true,ดีจังเลย!,tv.text.L0886,How nice!
phrase_text_0887,en,0,speaker,Hm...,work_progress,office,true,Hm...,tv.text.L0887,Hm...
phrase_text_0887,th,0,speaker,อืม...,work_progress,office,true,อืม...,tv.text.L0887,Hm...
phrase_text_0888,en,0,speaker,Let's go home.,leaving,office,true,Let's go home.,tv.text.L0888,Let's go home.
phrase_text_0888,th,0,speaker,กลับบ้านกัน,leaving,office,true,กลับบ้านกันเถอะ,tv.text.L0888,Let's go home.
phrase_text_0889,en,0,speaker,Very good.,praise,office,true,Very good.,tv.text.L0889,Very good.
phrase_text_0889,th,0,speaker,ดีมากเลย,praise,office,true,ดีมากเลย,tv.text.L0889,Very good.
phrase_text_0890,en,0,speaker,Of course!,conversation_reply,office,true,Of course!,tv.text.L0890,Of course!
phrase_text_0890,th,0,speaker,แน่นอน!,conversation_reply,office,true,แน่นอนอยู่แล้ว!,tv.text.L0890,Of course!
phrase_text_0891,en,0,speaker,Congrats!,praise,office,true,Congrats!,tv.text.L0891,Congrats!
phrase_text_0891,th,0,speaker,ยินดีด้วย!,praise,office,true,ยินดีด้วย!,tv.text.L0891,Congrats!
phrase_text_0892,en,0,speaker,Haha!,conversation_reply,office,true,Haha!,tv.text.L0892,Haha!
phrase_text_0892,th,0,speaker,ฮ่า ๆ!,conversation_reply,office,true,ฮ่า ๆ!,tv.text.L0892,Haha!
phrase_text_0893,en,0,speaker,Heehee.,conversation_reply,office,true,Heehee.,tv.text.L0893,Heehee.
phrase_text_0893,th,0,speaker,ฮิฮิ,conversation_reply,office,true,ฮิฮิ,tv.text.L0893,Heehee.
phrase_text_0894,en,0,speaker,Wow!,surprise,office,true,Wow!,tv.text.L0894,Wow!
phrase_text_0894,th,0,speaker,ว้าว!,surprise,office,true,ว้าว!,tv.text.L0894,Wow!
phrase_text_0895,en,0,speaker,Oh my gosh!,surprise,office,true,Oh my gosh!,tv.text.L0895,Oh my gosh!
phrase_text_0895,th,0,speaker,โอ้โห!,surprise,office,true,โอ้โห!,tv.text.L0895,Oh my gosh!
phrase_text_0896,en,0,speaker,Can't wait.,anticipation,office,true,Can't wait.,tv.text.L0896,Can't wait.
phrase_text_0896,th,0,speaker,รอไม่ไหวแล้ว,anticipation,office,true,รอไม่ไหวแล้ว,tv.text.L0896,Can't wait.
phrase_text_0897,en,0,speaker,Yum...,food_drink,context_only,false,Yum...,tv.text.L0897,Yum...
phrase_text_0897,th,0,speaker,อร่อยจัง...,food_drink,context_only,false,อร่อยจัง...,tv.text.L0897,Yum...
phrase_text_0898,en,0,speaker,"Gulp, gulp...",food_drink,context_only,false,"Gulp, gulp...",tv.text.L0898,"Gulp, gulp..."
phrase_text_0898,th,0,speaker,อึก อึก...,food_drink,context_only,false,อึก อึก...,tv.text.L0898,"Gulp, gulp..."
phrase_text_0899,en,0,speaker,By the way...,conversation_open,office,true,By the way...,tv.text.L0899,By the way...
phrase_text_0899,th,0,speaker,ว่าแต่...,conversation_open,office,true,ว่าแต่...,tv.text.L0899,By the way...
phrase_text_0900,en,0,speaker,"I know, right?",conversation_reply,office,true,"I know, right?",tv.text.L0900,"I know, right?"
phrase_text_0900,th,0,speaker,ใช่ไหมล่ะ?,conversation_reply,office,true,ใช่ไหมล่ะ?,tv.text.L0900,"I know, right?"
phrase_text_0901,en,0,speaker,This is it!,work_progress,office,true,This is it!,tv.text.L0901,This is it!
phrase_text_0901,th,0,speaker,อันนี้แหละ!,work_progress,office,true,ใช่เลย อันนี้แหละ!,tv.text.L0901,This is it!
phrase_text_0902,en,0,speaker,So much fun!,conversation_reply,office,true,So much fun!,tv.text.L0902,So much fun!
phrase_text_0902,th,0,speaker,สนุกจัง!,conversation_reply,office,true,สนุกมากเลย!,tv.text.L0902,So much fun!
phrase_text_0903,en,0,speaker,Lalala!,idle_flavor,office,true,Lalala!,tv.text.L0903,Lalala!
phrase_text_0903,th,0,speaker,ลาลาลา!,idle_flavor,office,true,ลาลาลา!,tv.text.L0903,Lalala!
phrase_text_0904,en,0,speaker,La la la!,idle_flavor,office,true,La la la!,tv.text.L0904,La la la!
phrase_text_0904,th,0,speaker,ลา ลา ลา!,idle_flavor,office,true,ลา ลา ลา!,tv.text.L0904,La la la!
phrase_text_0905,en,0,speaker,♪♪♪,idle_flavor,office,true,♪♪♪,tv.text.L0905,♪♪♪
phrase_text_0905,th,0,speaker,ฮัมเพลง~,idle_flavor,office,true,ฮัมเพลง,tv.text.L0905,♪♪♪
phrase_text_0906,en,0,speaker,Amazing!,praise,office,true,Amazing!,tv.text.L0906,Amazing!
phrase_text_0906,th,0,speaker,สุดยอด!,praise,office,true,สุดยอด!,tv.text.L0906,Amazing!
phrase_text_0907,en,0,speaker,Success!,work_complete,office,true,Success!,tv.text.L0907,Success!
phrase_text_0907,th,0,speaker,สำเร็จแล้ว!,work_complete,office,true,สำเร็จแล้ว!,tv.text.L0907,Success!
phrase_text_0908,en,0,speaker,I can't wait!,anticipation,office,true,I can't wait!,tv.text.L0908,I can't wait!
phrase_text_0908,th,0,speaker,รอไม่ไหว!,anticipation,office,true,ฉันรอไม่ไหวแล้ว!,tv.text.L0908,I can't wait!
phrase_text_0909,en,0,speaker,I saw ads for this!,tv_specific,context_only,false,I saw ads for this!,tv.text.L0909,I saw ads for this!
phrase_text_0909,th,0,speaker,เคยเห็นโฆษณา!,tv_specific,context_only,false,เคยเห็นโฆษณาอันนี้ด้วย!,tv.text.L0909,I saw ads for this!
phrase_text_0910,en,0,speaker,Yay!,celebration,office,true,Yay!,tv.text.L0910,Yay!
phrase_text_0910,th,0,speaker,เย้!,celebration,office,true,เย้!,tv.text.L0910,Yay!
phrase_text_0911,en,0,speaker,I'm so hyped!,anticipation,office,true,I'm so hyped!,tv.text.L0911,I'm so hyped!
phrase_text_0911,th,0,speaker,ตื่นเต้นจัง!,anticipation,office,true,ตื่นเต้นสุด ๆ!,tv.text.L0911,I'm so hyped!
phrase_text_0912,en,0,speaker,Here we go!,work_start,office,true,Here we go!,tv.text.L0912,Here we go!
phrase_text_0912,th,0,speaker,เริ่มกันเลย!,work_start,office,true,เอาล่ะ เริ่มกันเลย!,tv.text.L0912,Here we go!
phrase_text_0913,en,0,speaker,Yeah!,conversation_reply,office,true,Yeah!,tv.text.L0913,Yeah!
phrase_text_0913,th,0,speaker,ใช่เลย!,conversation_reply,office,true,ใช่เลย!,tv.text.L0913,Yeah!
phrase_text_0914,en,0,speaker,Get 'em!,tv_specific,context_only,false,Get 'em!,tv.text.L0914,Get 'em!
phrase_text_0914,th,0,speaker,จัดการเลย!,tv_specific,context_only,false,จัดการพวกนั้นเลย!,tv.text.L0914,Get 'em!
phrase_text_0915,en,0,speaker,That's the way!,praise,office,false,That's the way!,tv.text.L0915,That's the way!
phrase_text_0915,th,0,speaker,ต้องอย่างนี้!,praise,office,true,ต้องอย่างนี้สิ!,tv.text.L0915,That's the way!
phrase_text_0916,en,0,speaker,Knocked it out of the park!,praise,office,false,Knocked it out of the park!,tv.text.L0916,Knocked it out of the park!
phrase_text_0916,th,0,speaker,เยี่ยมไปเลย!,praise,office,true,ทำได้ยอดเยี่ยมไปเลย!,tv.text.L0916,Knocked it out of the park!
phrase_text_0917,en,0,speaker,It's over?,tv_specific,context_only,false,It's over?,tv.text.L0917,It's over?
phrase_text_0917,th,0,speaker,จบแล้วเหรอ?,tv_specific,context_only,false,จบแล้วเหรอ?,tv.text.L0917,It's over?
phrase_text_0918,en,0,speaker,So touching.,tv_specific,context_only,false,So touching.,tv.text.L0918,So touching.
phrase_text_0918,th,0,speaker,ซึ้งจังเลย,tv_specific,context_only,false,ซึ้งจังเลย,tv.text.L0918,So touching.
phrase_text_0919,en,0,speaker,Boohoo...,disappointment,context_only,false,Boohoo...,tv.text.L0919,Boohoo...
phrase_text_0919,th,0,speaker,ฮือ ๆ...,disappointment,context_only,false,ฮือ ๆ...,tv.text.L0919,Boohoo...
phrase_text_0920,en,0,speaker,Yeah boooi!,celebration,office,true,Yeah boooi!,tv.text.L0920,Yeah boooi!
phrase_text_0920,th,0,speaker,เยี่ยมเลย!,celebration,office,true,เยี่ยมเลย เพื่อน!,tv.text.L0920,Yeah boooi!
phrase_text_0921,en,0,speaker,Today's was...,tv_specific,context_only,false,Today's was...,tv.text.L0921,Today's was...
phrase_text_0921,th,0,speaker,วันนี้ช่าง...,tv_specific,context_only,false,วันนี้มันช่าง...,tv.text.L0921,Today's was...
phrase_text_0922,en,0,speaker,I love cooking!,food_drink,context_only,false,I love cooking!,tv.text.L0922,I love cooking!
phrase_text_0922,th,0,speaker,ชอบทำอาหาร!,food_drink,context_only,false,ฉันชอบทำอาหาร!,tv.text.L0922,I love cooking!
phrase_text_0923,en,0,speaker,The secret ingredient...,tv_specific,context_only,false,The secret ingredient...,tv.text.L0923,The secret ingredient...
phrase_text_0923,th,0,speaker,ส่วนผสมลับ...,tv_specific,context_only,false,ส่วนผสมลับก็คือ...,tv.text.L0923,The secret ingredient...
phrase_text_0924,en,0,speaker,I'll cast my vote.,tv_specific,context_only,false,I'll cast my vote.,tv.text.L0924,I'll cast my vote.
phrase_text_0924,th,0,speaker,ขอโหวตแล้วนะ,tv_specific,context_only,false,ฉันจะลงคะแนนแล้ว,tv.text.L0924,I'll cast my vote.
phrase_text_0925,en,0,speaker,I remember...,conversation_reply,office,true,I remember...,tv.text.L0925,I remember...
phrase_text_0925,th,0,speaker,จำได้เลย...,conversation_reply,office,true,จำได้เลยว่า...,tv.text.L0925,I remember...
phrase_text_0926,en,0,speaker,For sure.,conversation_reply,office,true,For sure.,tv.text.L0926,For sure.
phrase_text_0926,th,0,speaker,แน่นอนเลย,conversation_reply,office,true,แน่นอนเลย,tv.text.L0926,For sure.
phrase_text_0927,en,0,speaker,What the heck?,surprise,office,false,What the heck?,tv.text.L0927,What the heck?
phrase_text_0927,th,0,speaker,อะไรกันเนี่ย?,surprise,office,true,อะไรกันเนี่ย?,tv.text.L0927,What the heck?
phrase_text_0928,en,0,speaker,"Hey, guys!",greeting,office,true,"Hey, guys!",tv.text.L0928,"Hey, guys!"
phrase_text_0928,th,0,speaker,ไง ทุกคน!,greeting,office,true,ไง ทุกคน!,tv.text.L0928,"Hey, guys!"
phrase_text_0929,en,0,speaker,Here I go!,work_start,office,true,Here I go!,tv.text.L0929,Here I go!
phrase_text_0929,th,0,speaker,ลุยแล้วนะ!,work_start,office,true,เอาล่ะ ฉันลุยแล้วนะ!,tv.text.L0929,Here I go!
phrase_text_0930,en,0,speaker,"One, two!",movement,context_only,false,"One, two!",tv.text.L0930,"One, two!"
phrase_text_0930,th,0,speaker,หนึ่ง สอง!,movement,context_only,false,หนึ่ง สอง!,tv.text.L0930,"One, two!"
phrase_text_0931,en,0,speaker,Beep boop!,tv_specific,context_only,false,Beep boop!,tv.text.L0931,Beep boop!
phrase_text_0931,th,0,speaker,บี๊บ บู๊บ!,tv_specific,context_only,false,บี๊บ บู๊บ!,tv.text.L0931,Beep boop!
phrase_text_0932,en,0,speaker,Can this be...?,surprise,office,true,Can this be...?,tv.text.L0932,Can this be...?
phrase_text_0932,th,0,speaker,เป็นไปได้เหรอ?,surprise,office,true,นี่จะเป็นไปได้เหรอ...?,tv.text.L0932,Can this be...?
phrase_text_0933,en,0,speaker,Yahoo!,celebration,office,true,Yahoo!,tv.text.L0933,Yahoo!
phrase_text_0933,th,0,speaker,ยาฮู้!,celebration,office,true,ยาฮู้!,tv.text.L0933,Yahoo!
phrase_text_0934,en,0,speaker,A mountain? There?!,tv_specific,context_only,false,A mountain? There?!,tv.text.L0934,A mountain? There?!
phrase_text_0934,th,0,speaker,ภูเขาตรงนั้น?!,tv_specific,context_only,false,มีภูเขาอยู่ตรงนั้นเหรอ?!,tv.text.L0934,A mountain? There?!
phrase_text_0935,en,0,speaker,Be careful.,leaving,office,true,Be careful.,tv.text.L0935,Be careful.
phrase_text_0935,th,0,speaker,ระวังด้วยนะ,leaving,office,true,ระวังตัวด้วยนะ,tv.text.L0935,Be careful.
phrase_text_0936,en,0,speaker,Yay!,celebration,office,true,Yay!,tv.text.L0936,Yay!
phrase_text_0936,th,0,speaker,เย้!,celebration,office,true,เย้!,tv.text.L0936,Yay!
phrase_text_0937,en,0,speaker,Ohohoh.,idle_flavor,office,true,Ohohoh.,tv.text.L0937,Ohohoh.
phrase_text_0937,th,0,speaker,โฮะ ๆ ๆ,idle_flavor,office,true,โฮะ ๆ ๆ,tv.text.L0937,Ohohoh.
phrase_text_0938,en,0,speaker,The real criminal is...,tv_specific,context_only,false,The real criminal is...,tv.text.L0938,The real criminal is...
phrase_text_0938,th,0,speaker,คนร้ายคือ...,tv_specific,context_only,false,คนร้ายตัวจริงก็คือ...,tv.text.L0938,The real criminal is...
phrase_text_0939,en,0,speaker,Forsooth!,tv_specific,context_only,false,Forsooth!,tv.text.L0939,Forsooth!
phrase_text_0939,th,0,speaker,จริงแท้!,tv_specific,context_only,false,จริงแท้แน่นอน!,tv.text.L0939,Forsooth!
phrase_text_0940,en,0,speaker,"Take care, now.",leaving,office,false,"Take care, now.",tv.text.L0940,"Take care, now."
phrase_text_0940,th,0,speaker,ดูแลตัวเองนะ,leaving,office,true,ดูแลตัวเองด้วยนะ,tv.text.L0940,"Take care, now."
phrase_text_0941,en,0,speaker,First of all...,conversation_open,office,true,First of all...,tv.text.L0941,First of all...
phrase_text_0941,th,0,speaker,ก่อนอื่นเลย...,conversation_open,office,true,ก่อนอื่นเลย...,tv.text.L0941,First of all...
phrase_text_0942,en,0,speaker,Sup.,greeting,office,true,Sup.,tv.text.L0942,Sup.
phrase_text_0942,th,0,speaker,ไง,greeting,office,true,ไง,tv.text.L0942,Sup.
phrase_text_0943,en,0,speaker,Whassup.,greeting,office,true,Whassup.,tv.text.L0943,Whassup.
phrase_text_0943,th,0,speaker,เป็นไงบ้าง,greeting,office,true,ไง เป็นไงบ้าง,tv.text.L0943,Whassup.
phrase_text_0944,en,0,speaker,Verily!,tv_specific,context_only,false,Verily!,tv.text.L0944,Verily!
phrase_text_0944,th,0,speaker,จริงแท้!,tv_specific,context_only,false,เป็นเช่นนั้นจริงแท้!,tv.text.L0944,Verily!
phrase_text_0945,en,0,speaker,"Sneak, sneak...",movement,context_only,false,"Sneak, sneak...",tv.text.L0945,"Sneak, sneak..."
phrase_text_0945,th,0,speaker,ย่อง ย่อง...,movement,context_only,false,ย่อง ย่อง...,tv.text.L0945,"Sneak, sneak..."
phrase_text_0946,en,0,speaker,Bravo!,praise,office,true,Bravo!,tv.text.L0946,Bravo!
phrase_text_0946,th,0,speaker,ยอดเยี่ยม!,praise,office,true,ยอดเยี่ยม!,tv.text.L0946,Bravo!
phrase_text_0947,en,0,speaker,Just right.,work_complete,office,true,Just right.,tv.text.L0947,Just right.
phrase_text_0947,th,0,speaker,พอดีเลย,work_complete,office,true,พอดีเลย,tv.text.L0947,Just right.
phrase_text_0948,en,0,speaker,Cut!,tv_specific,context_only,false,Cut!,tv.text.L0948,Cut!
phrase_text_0948,th,0,speaker,คัต!,tv_specific,context_only,false,คัต!,tv.text.L0948,Cut!
phrase_text_0949,en,0,speaker,Much obliged.,conversation_reply,office,true,Much obliged.,tv.text.L0949,Much obliged.
phrase_text_0949,th,0,speaker,ขอบคุณมาก,conversation_reply,office,true,ขอบคุณเป็นอย่างยิ่ง,tv.text.L0949,Much obliged.
phrase_text_0950,en,0,speaker,Bring it on!,work_start,office,true,Bring it on!,tv.text.L0950,Bring it on!
phrase_text_0950,th,0,speaker,พร้อมลุย!,work_start,office,true,เข้ามาเลย พร้อมแล้ว!,tv.text.L0950,Bring it on!
phrase_text_0951,en,0,speaker,"Hop, hop!",movement,context_only,false,"Hop, hop!",tv.text.L0951,"Hop, hop!"
phrase_text_0951,th,0,speaker,เด้ง เด้ง!,movement,context_only,false,เด้ง เด้ง!,tv.text.L0951,"Hop, hop!"
phrase_text_0952,en,0,speaker,Oh my!,surprise,office,true,Oh my!,tv.text.L0952,Oh my!
phrase_text_0952,th,0,speaker,ตายแล้ว!,surprise,office,true,ตายแล้ว!,tv.text.L0952,Oh my!
phrase_text_0953,en,0,speaker,My eyes...!,tv_specific,context_only,false,My eyes...!,tv.text.L0953,My eyes...!
phrase_text_0953,th,0,speaker,ตาฉัน...!,tv_specific,context_only,false,ตาฉัน...!,tv.text.L0953,My eyes...!
phrase_text_0954,en,0,speaker,"Ah, Earth...",tv_specific,context_only,false,"Ah, Earth...",tv.text.L0954,"Ah, Earth..."
phrase_text_0954,th,0,speaker,อา โลกมนุษย์...,tv_specific,context_only,false,อา โลกมนุษย์...,tv.text.L0954,"Ah, Earth..."
phrase_text_0955,en,0,speaker,We come in peace...,tv_specific,context_only,false,We come in peace...,tv.text.L0955,We come in peace...
phrase_text_0955,th,0,speaker,มาอย่างสันติ...,tv_specific,context_only,false,พวกเรามาอย่างสันติ...,tv.text.L0955,We come in peace...
phrase_text_0956,en,0,speaker,Very nice!,praise,office,true,Very nice!,tv.text.L0956,Very nice!
phrase_text_0956,th,0,speaker,ดีมากเลย!,praise,office,true,ดีมากเลย!,tv.text.L0956,Very nice!
phrase_text_0957,en,0,speaker,Gotta write this down.,work_progress,office,false,Gotta write this down.,tv.text.L0957,Gotta write this down.
phrase_text_0957,th,0,speaker,ต้องจดไว้แล้ว,work_progress,office,true,ต้องจดเรื่องนี้ไว้แล้ว,tv.text.L0957,Gotta write this down.
phrase_text_0958,en,0,speaker,Ayo!,greeting,office,true,Ayo!,tv.text.L0958,Ayo!
phrase_text_0958,th,0,speaker,โย่!,greeting,office,true,โย่!,tv.text.L0958,Ayo!
phrase_text_0959,en,0,speaker,Ballin'.,idle_flavor,context_only,false,Ballin'.,tv.text.L0959,Ballin'.
phrase_text_0959,th,0,speaker,รวยจัด!,idle_flavor,context_only,false,หรูหราอย่างกับเศรษฐี,tv.text.L0959,Ballin'.
phrase_text_0960,en,0,speaker,Wicked!,praise,office,true,Wicked!,tv.text.L0960,Wicked!
phrase_text_0960,th,0,speaker,เจ๋งสุด ๆ!,praise,office,true,เจ๋งสุด ๆ!,tv.text.L0960,Wicked!
phrase_text_0961,en,0,speaker,Chillaxin'.,idle_flavor,office,true,Chillaxin'.,tv.text.L0961,Chillaxin'.
phrase_text_0961,th,0,speaker,พักชิล ๆ,idle_flavor,office,true,พักชิล ๆ,tv.text.L0961,Chillaxin'.
phrase_text_0962,en,0,speaker,Nice job!,praise,office,true,Nice job!,tv.text.L0962,Nice job!
phrase_text_0962,th,0,speaker,เก่งมาก!,praise,office,true,ทำได้ดีมาก!,tv.text.L0962,Nice job!
phrase_text_0963,en,0,speaker,Splendid.,praise,office,true,Splendid.,tv.text.L0963,Splendid.
phrase_text_0963,th,0,speaker,ยอดเยี่ยม,praise,office,true,ยอดเยี่ยมจริง ๆ,tv.text.L0963,Splendid.
phrase_text_0964,en,0,speaker,Fight on!,encouragement,office,true,Fight on!,tv.text.L0964,Fight on!
phrase_text_0964,th,0,speaker,สู้ต่อไป!,encouragement,office,true,สู้ต่อไป!,tv.text.L0964,Fight on!
phrase_text_0965,en,0,speaker,Like it!,praise,office,true,Like it!,tv.text.L0965,Like it!
phrase_text_0965,th,0,speaker,ชอบเลย!,praise,office,true,ชอบเลย!,tv.text.L0965,Like it!
phrase_text_0966,en,0,speaker,My heart...!,tv_specific,context_only,false,My heart...!,tv.text.L0966,My heart...!
phrase_text_0966,th,0,speaker,หัวใจฉัน...!,tv_specific,context_only,false,หัวใจฉัน...!,tv.text.L0966,My heart...!
phrase_text_0967,en,0,speaker,Cha-ching!,tv_specific,context_only,false,Cha-ching!,tv.text.L0967,Cha-ching!
phrase_text_0967,th,0,speaker,เงินเข้าแล้ว!,tv_specific,context_only,false,แชะชิ้ง เงินเข้าแล้ว!,tv.text.L0967,Cha-ching!
phrase_text_0968,en,0,speaker,Interesting.,conversation_reply,office,true,Interesting.,tv.text.L0968,Interesting.
phrase_text_0968,th,0,speaker,น่าสนใจนะ,conversation_reply,office,true,น่าสนใจนะ,tv.text.L0968,Interesting.
phrase_text_0969,en,0,speaker,"Hop, hop!",movement,context_only,false,"Hop, hop!",tv.text.L0969,"Hop, hop!"
phrase_text_0969,th,0,speaker,เด้ง เด้ง!,movement,context_only,false,เด้ง เด้ง!,tv.text.L0969,"Hop, hop!"
phrase_text_0970,en,0,speaker,Transmitting...,tv_specific,context_only,false,Transmitting...,tv.text.L0970,Transmitting...
phrase_text_0970,th,0,speaker,ส่งสัญญาณ...,tv_specific,context_only,false,กำลังส่งสัญญาณ...,tv.text.L0970,Transmitting...
phrase_text_0971,en,0,speaker,Good gracious.,surprise,office,true,Good gracious.,tv.text.L0971,Good gracious.
phrase_text_0971,th,0,speaker,คุณพระช่วย!,surprise,office,true,คุณพระช่วย!,tv.text.L0971,Good gracious.
phrase_text_0972,en,0,speaker,Sweet.,praise,office,true,Sweet.,tv.text.L0972,Sweet.
phrase_text_0972,th,0,speaker,แจ๋วเลย,praise,office,true,แจ๋วเลย,tv.text.L0972,Sweet.
phrase_text_0973,en,0,speaker,It's a sure thing.,conversation_reply,office,false,It's a sure thing.,tv.text.L0973,It's a sure thing.
phrase_text_0973,th,0,speaker,แน่นอนเลย,conversation_reply,office,true,แน่นอนอยู่แล้ว,tv.text.L0973,It's a sure thing.
phrase_text_0974,en,0,speaker,Ohoho...,idle_flavor,office,true,Ohoho...,tv.text.L0974,Ohoho...
phrase_text_0974,th,0,speaker,โฮะ ๆ...,idle_flavor,office,true,โฮะ ๆ...,tv.text.L0974,Ohoho...
phrase_text_0975,en,0,speaker,"Oh, I like this.",praise,office,true,"Oh, I like this.",tv.text.L0975,"Oh, I like this."
phrase_text_0975,th,0,speaker,ชอบอันนี้จัง,praise,office,true,โอ้ ชอบอันนี้จัง,tv.text.L0975,"Oh, I like this."
phrase_text_0976,en,0,speaker,Eheheh.,conversation_reply,office,true,Eheheh.,tv.text.L0976,Eheheh.
phrase_text_0976,th,0,speaker,เอเฮะเฮะ,conversation_reply,office,true,เอเฮะเฮะ,tv.text.L0976,Eheheh.
phrase_text_0977,en,0,speaker,Simply wonderful.,praise,office,false,Simply wonderful.,tv.text.L0977,Simply wonderful.
phrase_text_0977,th,0,speaker,วิเศษสุด ๆ,praise,office,true,วิเศษสุด ๆ เลย,tv.text.L0977,Simply wonderful.
phrase_text_0978,en,0,speaker,How do you do?,greeting,office,false,How do you do?,tv.text.L0978,How do you do?
phrase_text_0978,th,0,speaker,ยินดีที่ได้รู้จัก,greeting,office,true,สวัสดี ยินดีที่ได้รู้จัก,tv.text.L0978,How do you do?
phrase_text_0979,en,0,speaker,You won't beat me!,tv_specific,context_only,false,You won't beat me!,tv.text.L0979,You won't beat me!
phrase_text_0979,th,0,speaker,ฉันไม่แพ้หรอก!,tv_specific,context_only,false,เธอไม่มีทางชนะฉันหรอก!,tv.text.L0979,You won't beat me!
phrase_text_0980,en,0,speaker,"One, two...",movement,context_only,false,"One, two...",tv.text.L0980,"One, two..."
phrase_text_0980,th,0,speaker,หนึ่ง สอง...,movement,context_only,false,หนึ่ง สอง...,tv.text.L0980,"One, two..."
phrase_text_0981,en,0,speaker,Da-da-da-daaah!,idle_flavor,office,false,Da-da-da-daaah!,tv.text.L0981,Da-da-da-daaah!
phrase_text_0981,th,0,speaker,ดา ดา ดา ด้า!,idle_flavor,office,true,ดา ดา ดา ด้า!,tv.text.L0981,Da-da-da-daaah!
phrase_text_0982,en,0,speaker,Standing ovation!,tv_specific,context_only,false,Standing ovation!,tv.text.L0982,Standing ovation!
phrase_text_0982,th,0,speaker,ปรบมือให้เลย!,tv_specific,context_only,false,ลุกขึ้นปรบมือให้เลย!,tv.text.L0982,Standing ovation!
phrase_text_0983,en,0,speaker,A bold move!,praise,office,true,A bold move!,tv.text.L0983,A bold move!
phrase_text_0983,th,0,speaker,กล้าตัดสินใจดี!,praise,office,true,ตัดสินใจได้กล้ามาก!,tv.text.L0983,A bold move!
phrase_text_0984,en,0,speaker,Yoohoo!,greeting,office,true,Yoohoo!,tv.text.L0984,Yoohoo!
phrase_text_0984,th,0,speaker,ยูฮู้!,greeting,office,true,ยูฮู้!,tv.text.L0984,Yoohoo!
phrase_text_0985,en,0,speaker,A treasure!,tv_specific,context_only,false,A treasure!,tv.text.L0985,A treasure!
phrase_text_0985,th,0,speaker,สมบัติล้ำค่า!,tv_specific,context_only,false,สมบัติล้ำค่า!,tv.text.L0985,A treasure!
phrase_text_0986,en,0,speaker,Finally!,work_complete,office,true,Finally!,tv.text.L0986,Finally!
phrase_text_0986,th,0,speaker,ในที่สุด!,work_complete,office,true,ในที่สุด!,tv.text.L0986,Finally!
phrase_trainings_0001,en,0,speaker,Working...,training_status,future_activity,false,Working...,tv.trainings.L0001,Working...
phrase_trainings_0001,th,0,speaker,ทำงานอยู่...,training_status,future_activity,false,กำลังทำงาน...,tv.trainings.L0001,Working...
phrase_trainings_0002,en,0,speaker,Watching...,training_status,future_activity,false,Watching...,tv.trainings.L0002,Watching...
phrase_trainings_0002,th,0,speaker,กำลังดู...,training_status,future_activity,false,กำลังดู...,tv.trainings.L0002,Watching...
phrase_trainings_0003,en,0,speaker,Training...,training_status,future_activity,false,Training...,tv.trainings.L0003,Training...
phrase_trainings_0003,th,0,speaker,กำลังฝึก...,training_status,future_activity,false,กำลังฝึกฝน...,tv.trainings.L0003,Training...
phrase_trainings_0004,en,0,speaker,Cleaning...,training_status,future_activity,false,Cleaning...,tv.trainings.L0004,Cleaning...
phrase_trainings_0004,th,0,speaker,ทำความสะอาด...,training_status,future_activity,false,กำลังทำความสะอาด...,tv.trainings.L0004,Cleaning...
phrase_trainings_0005,en,0,speaker,Checking...,training_status,future_activity,false,Checking...,tv.trainings.L0005,Checking...
phrase_trainings_0005,th,0,speaker,ตรวจสอบอยู่...,training_status,future_activity,false,กำลังตรวจสอบ...,tv.trainings.L0005,Checking...
phrase_trainings_0006,en,0,speaker,Searching...,training_status,future_activity,false,Searching...,tv.trainings.L0006,Searching...
phrase_trainings_0006,th,0,speaker,กำลังค้นหา...,training_status,future_activity,false,กำลังค้นหา...,tv.trainings.L0006,Searching...
phrase_trainings_0007,en,0,speaker,Editing...,training_status,future_activity,false,Editing...,tv.trainings.L0007,Editing...
phrase_trainings_0007,th,0,speaker,กำลังตัดต่อ...,training_status,future_activity,false,กำลังตัดต่อ...,tv.trainings.L0007,Editing...
phrase_trainings_0008,en,0,speaker,Planning...,training_status,future_activity,false,Planning...,tv.trainings.L0008,Planning...
phrase_trainings_0008,th,0,speaker,วางแผนอยู่...,training_status,future_activity,false,กำลังวางแผน...,tv.trainings.L0008,Planning...
phrase_trainings_0009,en,0,speaker,Observing...,training_status,future_activity,false,Observing...,tv.trainings.L0009,Observing...
phrase_trainings_0009,th,0,speaker,สังเกตการณ์...,training_status,future_activity,false,กำลังสังเกตการณ์...,tv.trainings.L0009,Observing...
phrase_trainings_0010,en,0,speaker,Traveling...,training_status,future_activity,false,Traveling...,tv.trainings.L0010,Traveling...
phrase_trainings_0010,th,0,speaker,เดินทางอยู่...,training_status,future_activity,false,กำลังเดินทาง...,tv.trainings.L0010,Traveling...
phrase_trainings_0011,en,0,speaker,Updating...,training_status,future_activity,false,Updating...,tv.trainings.L0011,Updating...
phrase_trainings_0011,th,0,speaker,อัปเดตอยู่...,training_status,future_activity,false,กำลังอัปเดต...,tv.trainings.L0011,Updating...
phrase_trainings_0012,en,0,speaker,At launch party...,training_status,future_activity,false,At launch party...,tv.trainings.L0012,At launch party...
phrase_trainings_0012,th,0,speaker,อยู่ที่งานเปิดตัว,training_status,future_activity,false,อยู่ในงานเปิดตัว...,tv.trainings.L0012,At launch party...
phrase_trainings_0013,en,0,speaker,Creating...,training_status,future_activity,false,Creating...,tv.trainings.L0013,Creating...
phrase_trainings_0013,th,0,speaker,กำลังสร้าง...,training_status,future_activity,false,กำลังสร้าง...,tv.trainings.L0013,Creating...
phrase_trainings_0014,en,0,speaker,At planning meeting...,training_status,future_activity,false,At planning meeting...,tv.trainings.L0014,At planning meeting...
phrase_trainings_0014,th,0,speaker,ประชุมแผนอยู่,training_status,future_activity,false,อยู่ในที่ประชุมวางแผน...,tv.trainings.L0014,At planning meeting...
phrase_trainings_0015,en,0,speaker,Bathing...,training_status,future_activity,false,Bathing...,tv.trainings.L0015,Bathing...
phrase_trainings_0015,th,0,speaker,กำลังอาบน้ำ...,training_status,future_activity,false,กำลังอาบน้ำ...,tv.trainings.L0015,Bathing...
phrase_trainings_0016,en,0,speaker,Traveling...,training_status,future_activity,false,Traveling...,tv.trainings.L0016,Traveling...
phrase_trainings_0016,th,0,speaker,เดินทางอยู่...,training_status,future_activity,false,กำลังเดินทาง...,tv.trainings.L0016,Traveling...
phrase_trainings_0017,en,0,speaker,Dining...,training_status,future_activity,false,Dining...,tv.trainings.L0017,Dining...
phrase_trainings_0017,th,0,speaker,ทานอาหารอยู่,training_status,future_activity,false,กำลังรับประทานอาหาร...,tv.trainings.L0017,Dining...
draft_greeting_001,en,0,speaker,"Morning, all!",greeting,office,true,"Morning, all!",draft.greeting.001,"Morning, all!"
draft_greeting_001,th,0,speaker,เช้านี้ดี!,greeting,office,true,เช้านี้ดี!,draft.greeting.001,"Morning, all!"
draft_greeting_002,en,0,speaker,Hiya!,greeting,office,true,Hiya!,draft.greeting.002,Hiya!
draft_greeting_002,th,0,speaker,หวัดดี!,greeting,office,true,หวัดดี!,draft.greeting.002,Hiya!
draft_greeting_003,en,0,speaker,Hey there!,greeting,office,true,Hey there!,draft.greeting.003,Hey there!
draft_greeting_003,th,0,speaker,ไฮ!,greeting,office,true,ไฮ!,draft.greeting.003,Hey there!
draft_greeting_004,en,0,speaker,Good day!,greeting,office,true,Good day!,draft.greeting.004,Good day!
draft_greeting_004,th,0,speaker,สวัสดีวันนี้!,greeting,office,true,สวัสดีวันนี้!,draft.greeting.004,Good day!
draft_greeting_005,en,0,speaker,Welcome in!,greeting,office,true,Welcome in!,draft.greeting.005,Welcome in!
draft_greeting_005,th,0,speaker,ยินดีต้อนรับ!,greeting,office,true,ยินดีต้อนรับ!,draft.greeting.005,Welcome in!
draft_greeting_006,en,0,speaker,Hi again!,greeting,office,true,Hi again!,draft.greeting.006,Hi again!
draft_greeting_006,th,0,speaker,สวัสดีอีกครั้ง!,greeting,office,true,สวัสดีอีกครั้ง!,draft.greeting.006,Hi again!
draft_greeting_007,en,0,speaker,Nice to see you!,greeting,office,false,Nice to see you!,draft.greeting.007,Nice to see you!
draft_greeting_007,th,0,speaker,ดีใจที่เจอ!,greeting,office,true,ดีใจที่เจอ!,draft.greeting.007,Nice to see you!
draft_greeting_008,en,0,speaker,"Morning, team!",greeting,office,true,"Morning, team!",draft.greeting.008,"Morning, team!"
draft_greeting_008,th,0,speaker,อรุณสวัสดิ์ทุกคน!,greeting,office,false,อรุณสวัสดิ์ทุกคน!,draft.greeting.008,"Morning, team!"
draft_greeting_009,en,0,speaker,"Hello, folks!",greeting,office,true,"Hello, folks!",draft.greeting.009,"Hello, folks!"
draft_greeting_009,th,0,speaker,สวัสดีทุกคน!,greeting,office,true,สวัสดีทุกคน!,draft.greeting.009,"Hello, folks!"
draft_greeting_010,en,0,speaker,"Hey, friend!",greeting,office,true,"Hey, friend!",draft.greeting.010,"Hey, friend!"
draft_greeting_010,th,0,speaker,ไงเพื่อน!,greeting,office,true,ไงเพื่อน!,draft.greeting.010,"Hey, friend!"
draft_greeting_011,en,0,speaker,Good afternoon!,greeting,office,false,Good afternoon!,draft.greeting.011,Good afternoon!
draft_greeting_011,th,0,speaker,สวัสดีตอนบ่าย!,greeting,office,true,สวัสดีตอนบ่าย!,draft.greeting.011,Good afternoon!
draft_greeting_012,en,0,speaker,Good evening!,greeting,office,true,Good evening!,draft.greeting.012,Good evening!
draft_greeting_012,th,0,speaker,สวัสดีตอนเย็น!,greeting,office,true,สวัสดีตอนเย็น!,draft.greeting.012,Good evening!
draft_greeting_013,en,0,speaker,Glad you're here!,greeting,office,false,Glad you're here!,draft.greeting.013,Glad you're here!
draft_greeting_013,th,0,speaker,ดีจังที่มา!,greeting,office,true,ดีจังที่มา!,draft.greeting.013,Glad you're here!
draft_greeting_014,en,0,speaker,Back already?,greeting,office,true,Back already?,draft.greeting.014,Back already?
draft_greeting_014,th,0,speaker,กลับมาแล้วหรือ?,greeting,office,false,กลับมาแล้วหรือ?,draft.greeting.014,Back already?
draft_greeting_015,en,0,speaker,Ready for today?,greeting,office,false,Ready for today?,draft.greeting.015,Ready for today?
draft_greeting_015,th,0,speaker,พร้อมสำหรับวันนี้ไหม?,greeting,office,false,พร้อมสำหรับวันนี้ไหม?,draft.greeting.015,Ready for today?
draft_greeting_016,en,0,speaker,"New day, huh?",greeting,office,false,"New day, huh?",draft.greeting.016,"New day, huh?"
draft_greeting_016,th,0,speaker,วันใหม่แล้วนะ?,greeting,office,true,วันใหม่แล้วนะ?,draft.greeting.016,"New day, huh?"
draft_greeting_017,en,0,speaker,Nice weather today!,greeting,office,false,Nice weather today!,draft.greeting.017,Nice weather today!
draft_greeting_017,th,0,speaker,วันนี้อากาศดีนะ!,greeting,office,true,วันนี้อากาศดีนะ!,draft.greeting.017,Nice weather today!
draft_greeting_018,en,0,speaker,The office is awake!,greeting,office,false,The office is awake!,draft.greeting.018,The office is awake!
draft_greeting_018,th,0,speaker,ออฟฟิศตื่นแล้ว!,greeting,office,true,ออฟฟิศตื่นแล้ว!,draft.greeting.018,The office is awake!
draft_greeting_019,en,0,speaker,Coffee time?,greeting,office,true,Coffee time?,draft.greeting.019,Coffee time?
draft_greeting_019,th,0,speaker,กาแฟไหม?,greeting,office,true,กาแฟไหม?,draft.greeting.019,Coffee time?
draft_greeting_020,en,0,speaker,Starting early?,greeting,office,true,Starting early?,draft.greeting.020,Starting early?
draft_greeting_020,th,0,speaker,มาแต่เช้าเลยเหรอ?,greeting,office,false,มาแต่เช้าเลยเหรอ?,draft.greeting.020,Starting early?
draft_greeting_021,en,0,speaker,"Hey, neighbor!",greeting,office,true,"Hey, neighbor!",draft.greeting.021,"Hey, neighbor!"
draft_greeting_021,th,0,speaker,ไงเพื่อนบ้าน!,greeting,office,true,ไงเพื่อนบ้าน!,draft.greeting.021,"Hey, neighbor!"
draft_greeting_022,en,0,speaker,"Hello, colleague!",greeting,office,false,"Hello, colleague!",draft.greeting.022,"Hello, colleague!"
draft_greeting_022,th,0,speaker,สวัสดีเพื่อนร่วมงาน!,greeting,office,false,สวัสดีเพื่อนร่วมงาน!,draft.greeting.022,"Hello, colleague!"
draft_greeting_023,en,0,speaker,Good to have you!,greeting,office,false,Good to have you!,draft.greeting.023,Good to have you!
draft_greeting_023,th,0,speaker,ดีที่มีคุณ!,greeting,office,true,ดีที่มีคุณ!,draft.greeting.023,Good to have you!
draft_greeting_024,en,0,speaker,Welcome back!,greeting,office,false,Welcome back!,draft.greeting.024,Welcome back!
draft_greeting_024,th,0,speaker,ยินดีต้อนรับกลับมา!,greeting,office,false,ยินดีต้อนรับกลับมา!,draft.greeting.024,Welcome back!
draft_greeting_025,en,0,speaker,Happy Monday!,greeting,office,false,Happy Monday!,draft.greeting.025,Happy Monday!
draft_greeting_025,th,0,speaker,สุขสันต์วันจันทร์!,greeting,office,false,สุขสันต์วันจันทร์!,draft.greeting.025,Happy Monday!
draft_greeting_026,en,0,speaker,Happy Friday!,greeting,office,true,Happy Friday!,draft.greeting.026,Happy Friday!
draft_greeting_026,th,0,speaker,สุขสันต์วันศุกร์!,greeting,office,true,สุขสันต์วันศุกร์!,draft.greeting.026,Happy Friday!
draft_greeting_027,en,0,speaker,How's it going?,greeting,office,false,How's it going?,draft.greeting.027,How's it going?
draft_greeting_027,th,0,speaker,วันนี้เป็นไง?,greeting,office,true,วันนี้เป็นไง?,draft.greeting.027,How's it going?
draft_greeting_028,en,0,speaker,How's your morning?,greeting,office,false,How's your morning?,draft.greeting.028,How's your morning?
draft_greeting_028,th,0,speaker,เช้านี้เป็นไง?,greeting,office,true,เช้านี้เป็นไง?,draft.greeting.028,How's your morning?
draft_greeting_029,en,0,speaker,Set to start?,greeting,office,true,Set to start?,draft.greeting.029,Set to start?
draft_greeting_029,th,0,speaker,พร้อมเริ่มไหม?,greeting,office,true,พร้อมเริ่มไหม?,draft.greeting.029,Set to start?
draft_greeting_030,en,0,speaker,Let's have a good one!,greeting,office,false,Let's have a good one!,draft.greeting.030,Let's have a good one!
draft_greeting_030,th,0,speaker,วันนี้ต้องดีนะ!,greeting,office,true,วันนี้ต้องดีนะ!,draft.greeting.030,Let's have a good one!
draft_greeting_031,en,0,speaker,Morning energy!,greeting,office,false,Morning energy!,draft.greeting.031,Morning energy!
draft_greeting_031,th,0,speaker,พลังยามเช้า!,greeting,office,true,พลังยามเช้า!,draft.greeting.031,Morning energy!
draft_greeting_032,en,0,speaker,"Hello, sunshine!",greeting,office,false,"Hello, sunshine!",draft.greeting.032,"Hello, sunshine!"
draft_greeting_032,th,0,speaker,สวัสดีแสงแดด!,greeting,office,true,สวัสดีแสงแดด!,draft.greeting.032,"Hello, sunshine!"
draft_greeting_033,en,0,speaker,"Hey, early bird!",greeting,office,false,"Hey, early bird!",draft.greeting.033,"Hey, early bird!"
draft_greeting_033,th,0,speaker,ไงคนตื่นเช้า!,greeting,office,true,ไงคนตื่นเช้า!,draft.greeting.033,"Hey, early bird!"
draft_greeting_034,en,0,speaker,"Hey, you made it!",greeting,office,false,"Hey, you made it!",draft.greeting.034,"Hey, you made it!"
draft_greeting_034,th,0,speaker,มาแล้วนะ!,greeting,office,true,มาแล้วนะ!,draft.greeting.034,"Hey, you made it!"
draft_greeting_035,en,0,speaker,Welcome to the desk!,greeting,office,false,Welcome to the desk!,draft.greeting.035,Welcome to the desk!
draft_greeting_035,th,0,speaker,กลับมาที่โต๊ะแล้วนะ!,greeting,office,false,กลับมาที่โต๊ะแล้วนะ!,draft.greeting.035,Welcome to the desk!
draft_greeting_036,en,0,speaker,"Hi, busy bee!",greeting,office,true,"Hi, busy bee!",draft.greeting.036,"Hi, busy bee!"
draft_greeting_036,th,0,speaker,ไงคนขยัน!,greeting,office,true,ไงคนขยัน!,draft.greeting.036,"Hi, busy bee!"
draft_greeting_037,en,0,speaker,Fresh start?,greeting,office,true,Fresh start?,draft.greeting.037,Fresh start?
draft_greeting_037,th,0,speaker,เริ่มใหม่ไหม?,greeting,office,true,เริ่มใหม่ไหม?,draft.greeting.037,Fresh start?
draft_greeting_038,en,0,speaker,Good to see that smile!,greeting,office,false,Good to see that smile!,draft.greeting.038,Good to see that smile!
draft_greeting_038,th,0,speaker,เห็นรอยยิ้มแล้วดีจัง!,greeting,office,false,เห็นรอยยิ้มแล้วดีจัง!,draft.greeting.038,Good to see that smile!
draft_greeting_039,en,0,speaker,Greetings!,greeting,office,true,Greetings!,draft.greeting.039,Greetings!
draft_greeting_039,th,0,speaker,ทักทาย!,greeting,office,true,ทักทาย!,draft.greeting.039,Greetings!
draft_greeting_040,en,0,speaker,Hello from here!,greeting,office,false,Hello from here!,draft.greeting.040,Hello from here!
draft_greeting_040,th,0,speaker,สวัสดีจากตรงนี้!,greeting,office,true,สวัสดีจากตรงนี้!,draft.greeting.040,Hello from here!
draft_greeting_041,en,0,speaker,"Hey, you!",greeting,office,true,"Hey, you!",draft.greeting.041,"Hey, you!"
draft_greeting_041,th,0,speaker,เฮ้ คุณ!,greeting,office,true,เฮ้ คุณ!,draft.greeting.041,"Hey, you!"
draft_greeting_042,en,0,speaker,Ready to shine?,greeting,office,false,Ready to shine?,draft.greeting.042,Ready to shine?
draft_greeting_042,th,0,speaker,พร้อมเฉิดฉายไหม?,greeting,office,false,พร้อมเฉิดฉายไหม?,draft.greeting.042,Ready to shine?
draft_greeting_043,en,0,speaker,Nice entrance!,greeting,office,true,Nice entrance!,draft.greeting.043,Nice entrance!
draft_greeting_043,th,0,speaker,เข้ามาได้เท่มาก!,greeting,office,true,เข้ามาได้เท่มาก!,draft.greeting.043,Nice entrance!
draft_greeting_044,en,0,speaker,There you are!,greeting,office,true,There you are!,draft.greeting.044,There you are!
draft_greeting_044,th,0,speaker,อยู่นี่เอง!,greeting,office,true,อยู่นี่เอง!,draft.greeting.044,There you are!
draft_greeting_045,en,0,speaker,A warm hello!,greeting,office,true,A warm hello!,draft.greeting.045,A warm hello!
draft_greeting_045,th,0,speaker,สวัสดีอบอุ่น ๆ!,greeting,office,true,สวัสดีอบอุ่น ๆ!,draft.greeting.045,A warm hello!
draft_greeting_046,en,0,speaker,Good to meet you!,greeting,office,false,Good to meet you!,draft.greeting.046,Good to meet you!
draft_greeting_046,th,0,speaker,ดีใจที่รู้จัก!,greeting,office,true,ดีใจที่รู้จัก!,draft.greeting.046,Good to meet you!
draft_greeting_047,en,0,speaker,"Hi, new day!",greeting,office,true,"Hi, new day!",draft.greeting.047,"Hi, new day!"
draft_greeting_047,th,0,speaker,ไงวันใหม่!,greeting,office,true,ไงวันใหม่!,draft.greeting.047,"Hi, new day!"
draft_greeting_048,en,0,speaker,"Hello, good mood!",greeting,office,false,"Hello, good mood!",draft.greeting.048,"Hello, good mood!"
draft_greeting_048,th,0,speaker,สวัสดีอารมณ์ดี!,greeting,office,true,สวัสดีอารมณ์ดี!,draft.greeting.048,"Hello, good mood!"
draft_greeting_049,en,0,speaker,Morning check-in!,greeting,office,false,Morning check-in!,draft.greeting.049,Morning check-in!
draft_greeting_049,th,0,speaker,เช็กอินยามเช้า!,greeting,office,true,เช็กอินยามเช้า!,draft.greeting.049,Morning check-in!
draft_greeting_050,en,0,speaker,Let's start smiling!,greeting,office,false,Let's start smiling!,draft.greeting.050,Let's start smiling!
draft_greeting_050,th,0,speaker,เริ่มด้วยรอยยิ้มกัน!,greeting,office,false,เริ่มด้วยรอยยิ้มกัน!,draft.greeting.050,Let's start smiling!
draft_conversation_open_001,en,0,speaker,Got a sec?,conversation_open,office,true,Got a sec?,draft.conversation_open.001,Got a sec?
draft_conversation_open_001,th,0,speaker,มีเวลานิดไหม?,conversation_open,office,true,มีเวลานิดไหม?,draft.conversation_open.001,Got a sec?
draft_conversation_open_002,en,0,speaker,Quick question.,conversation_open,office,false,Quick question.,draft.conversation_open.002,Quick question.
draft_conversation_open_002,th,0,speaker,ถามเร็ว ๆ หน่อย,conversation_open,office,true,ถามเร็ว ๆ หน่อย,draft.conversation_open.002,Quick question.
draft_conversation_open_003,en,0,speaker,Can I ask?,conversation_open,office,true,Can I ask?,draft.conversation_open.003,Can I ask?
draft_conversation_open_003,th,0,speaker,ขอถามหน่อยได้ไหม?,conversation_open,office,false,ขอถามหน่อยได้ไหม?,draft.conversation_open.003,Can I ask?
draft_conversation_open_004,en,0,speaker,Guess what?,conversation_open,office,true,Guess what?,draft.conversation_open.004,Guess what?
draft_conversation_open_004,th,0,speaker,เดาสิว่าอะไร?,conversation_open,office,true,เดาสิว่าอะไร?,draft.conversation_open.004,Guess what?
draft_conversation_open_005,en,0,speaker,Listen up.,conversation_open,office,true,Listen up.,draft.conversation_open.005,Listen up.
draft_conversation_open_005,th,0,speaker,ฟังหน่อยนะ,conversation_open,office,true,ฟังหน่อยนะ,draft.conversation_open.005,Listen up.
draft_conversation_open_006,en,0,speaker,One thought.,conversation_open,office,true,One thought.,draft.conversation_open.006,One thought.
draft_conversation_open_006,th,0,speaker,มีความคิดหนึ่ง,conversation_open,office,true,มีความคิดหนึ่ง,draft.conversation_open.006,One thought.
draft_conversation_open_007,en,0,speaker,About the plan...,conversation_open,office,false,About the plan...,draft.conversation_open.007,About the plan...
draft_conversation_open_007,th,0,speaker,เรื่องแผนน่ะ...,conversation_open,office,true,เรื่องแผนน่ะ...,draft.conversation_open.007,About the plan...
draft_conversation_open_008,en,0,speaker,About that file...,conversation_open,office,false,About that file...,draft.conversation_open.008,About that file...
draft_conversation_open_008,th,0,speaker,เรื่องไฟล์นั้นน่ะ...,conversation_open,office,false,เรื่องไฟล์นั้นน่ะ...,draft.conversation_open.008,About that file...
draft_conversation_open_009,en,0,speaker,Coffee question.,conversation_open,office,false,Coffee question.,draft.conversation_open.009,Coffee question.
draft_conversation_open_009,th,0,speaker,ถามเรื่องกาแฟหน่อย,conversation_open,office,false,ถามเรื่องกาแฟหน่อย,draft.conversation_open.009,Coffee question.
draft_conversation_open_010,en,0,speaker,Need your take.,conversation_open,office,false,Need your take.,draft.conversation_open.010,Need your take.
draft_conversation_open_010,th,0,speaker,ขอความคิดหน่อย,conversation_open,office,false,ขอความคิดหน่อย,draft.conversation_open.010,Need your take.
draft_conversation_open_011,en,0,speaker,Small update.,conversation_open,office,true,Small update.,draft.conversation_open.011,Small update.
draft_conversation_open_011,th,0,speaker,มีอัปเดตนิดหน่อย,conversation_open,office,false,มีอัปเดตนิดหน่อย,draft.conversation_open.011,Small update.
draft_conversation_open_012,en,0,speaker,Here's a thought.,conversation_open,office,false,Here's a thought.,draft.conversation_open.012,Here's a thought.
draft_conversation_open_012,th,0,speaker,มีความคิดหนึ่งนะ,conversation_open,office,true,มีความคิดหนึ่งนะ,draft.conversation_open.012,Here's a thought.
draft_conversation_open_013,en,0,speaker,Can we talk?,conversation_open,office,true,Can we talk?,draft.conversation_open.013,Can we talk?
draft_conversation_open_013,th,0,speaker,คุยกันหน่อยได้ไหม?,conversation_open,office,false,คุยกันหน่อยได้ไหม?,draft.conversation_open.013,Can we talk?
draft_conversation_open_014,en,0,speaker,Got a minute?,conversation_open,office,true,Got a minute?,draft.conversation_open.014,Got a minute?
draft_conversation_open_014,th,0,speaker,มีเวลาหนึ่งนาทีไหม?,conversation_open,office,false,มีเวลาหนึ่งนาทีไหม?,draft.conversation_open.014,Got a minute?
draft_conversation_open_015,en,0,speaker,Before we start...,conversation_open,office,false,Before we start...,draft.conversation_open.015,Before we start...
draft_conversation_open_015,th,0,speaker,ก่อนเริ่มงานนะ...,conversation_open,office,true,ก่อนเริ่มงานนะ...,draft.conversation_open.015,Before we start...
draft_conversation_open_016,en,0,speaker,After you.,conversation_open,office,true,After you.,draft.conversation_open.016,After you.
draft_conversation_open_016,th,0,speaker,เชิญก่อนเลย,conversation_open,office,true,เชิญก่อนเลย,draft.conversation_open.016,After you.
draft_conversation_open_017,en,0,speaker,Look at this.,conversation_open,office,true,Look at this.,draft.conversation_open.017,Look at this.
draft_conversation_open_017,th,0,speaker,ดูนี่สิ,conversation_open,office,true,ดูนี่สิ,draft.conversation_open.017,Look at this.
draft_conversation_open_018,en,0,speaker,See this note?,conversation_open,office,true,See this note?,draft.conversation_open.018,See this note?
draft_conversation_open_018,th,0,speaker,เห็นโน้ตนี้ไหม?,conversation_open,office,true,เห็นโน้ตนี้ไหม?,draft.conversation_open.018,See this note?
draft_conversation_open_019,en,0,speaker,What do you think?,conversation_open,office,false,What do you think?,draft.conversation_open.019,What do you think?
draft_conversation_open_019,th,0,speaker,คิดว่าไง?,conversation_open,office,true,คิดว่าไง?,draft.conversation_open.019,What do you think?
draft_conversation_open_020,en,0,speaker,Any ideas?,conversation_open,office,true,Any ideas?,draft.conversation_open.020,Any ideas?
draft_conversation_open_020,th,0,speaker,มีไอเดียไหม?,conversation_open,office,true,มีไอเดียไหม?,draft.conversation_open.020,Any ideas?
draft_conversation_open_021,en,0,speaker,Compare these.,conversation_open,office,false,Compare these.,draft.conversation_open.021,Compare these.
draft_conversation_open_021,th,0,speaker,เทียบดูนะ,conversation_open,office,true,เทียบดูนะ,draft.conversation_open.021,Compare these.
draft_conversation_open_022,en,0,speaker,Let's plan.,conversation_open,office,true,Let's plan.,draft.conversation_open.022,Let's plan.
draft_conversation_open_022,th,0,speaker,มาวางแผนกัน,conversation_open,office,true,มาวางแผนกัน,draft.conversation_open.022,Let's plan.
draft_conversation_open_023,en,0,speaker,Check this out.,conversation_open,office,false,Check this out.,draft.conversation_open.023,Check this out.
draft_conversation_open_023,th,0,speaker,มาดูอันนี้,conversation_open,office,true,มาดูอันนี้,draft.conversation_open.023,Check this out.
draft_conversation_open_024,en,0,speaker,Can I share?,conversation_open,office,true,Can I share?,draft.conversation_open.024,Can I share?
draft_conversation_open_024,th,0,speaker,ขอแชร์หน่อยได้ไหม?,conversation_open,office,false,ขอแชร์หน่อยได้ไหม?,draft.conversation_open.024,Can I share?
draft_conversation_open_025,en,0,speaker,Tell me honestly.,conversation_open,office,false,Tell me honestly.,draft.conversation_open.025,Tell me honestly.
draft_conversation_open_025,th,0,speaker,บอกตามตรงนะ,conversation_open,office,true,บอกตามตรงนะ,draft.conversation_open.025,Tell me honestly.
draft_conversation_open_026,en,0,speaker,Want the short version?,conversation_open,office,false,Want the short version?,draft.conversation_open.026,Want the short version?
draft_conversation_open_026,th,0,speaker,เอาแบบสั้นไหม?,conversation_open,office,true,เอาแบบสั้นไหม?,draft.conversation_open.026,Want the short version?
draft_conversation_open_027,en,0,speaker,Here's the tricky part.,conversation_open,office,false,Here's the tricky part.,draft.conversation_open.027,Here's the tricky part.
draft_conversation_open_027,th,0,speaker,ส่วนยากอยู่ตรงนี้,conversation_open,office,false,ส่วนยากอยู่ตรงนี้,draft.conversation_open.027,Here's the tricky part.
draft_conversation_open_028,en,0,speaker,Something changed.,conversation_open,office,false,Something changed.,draft.conversation_open.028,Something changed.
draft_conversation_open_028,th,0,speaker,มีอะไรเปลี่ยนไป,conversation_open,office,true,มีอะไรเปลี่ยนไป,draft.conversation_open.028,Something changed.
draft_conversation_open_029,en,0,speaker,New angle?,conversation_open,office,true,New angle?,draft.conversation_open.029,New angle?
draft_conversation_open_029,th,0,speaker,มุมใหม่ไหม?,conversation_open,office,true,มุมใหม่ไหม?,draft.conversation_open.029,New angle?
draft_conversation_open_030,en,0,speaker,Have you noticed?,conversation_open,office,false,Have you noticed?,draft.conversation_open.030,Have you noticed?
draft_conversation_open_030,th,0,speaker,สังเกตไหม?,conversation_open,office,true,สังเกตไหม?,draft.conversation_open.030,Have you noticed?
draft_conversation_open_031,en,0,speaker,About tomorrow...,conversation_open,office,false,About tomorrow...,draft.conversation_open.031,About tomorrow...
draft_conversation_open_031,th,0,speaker,เรื่องพรุ่งนี้น่ะ...,conversation_open,office,true,เรื่องพรุ่งนี้น่ะ...,draft.conversation_open.031,About tomorrow...
draft_conversation_open_032,en,0,speaker,One more thing.,conversation_open,office,false,One more thing.,draft.conversation_open.032,One more thing.
draft_conversation_open_032,th,0,speaker,อีกเรื่องหนึ่ง,conversation_open,office,true,อีกเรื่องหนึ่ง,draft.conversation_open.032,One more thing.
draft_conversation_open_033,en,0,speaker,Let's talk timing.,conversation_open,office,false,Let's talk timing.,draft.conversation_open.033,Let's talk timing.
draft_conversation_open_033,th,0,speaker,คุยเรื่องเวลากัน,conversation_open,office,true,คุยเรื่องเวลากัน,draft.conversation_open.033,Let's talk timing.
draft_conversation_open_034,en,0,speaker,Need a second opinion.,conversation_open,office,false,Need a second opinion.,draft.conversation_open.034,Need a second opinion.
draft_conversation_open_034,th,0,speaker,ขอความเห็นที่สอง,conversation_open,office,false,ขอความเห็นที่สอง,draft.conversation_open.034,Need a second opinion.
draft_conversation_open_035,en,0,speaker,Switch gears?,conversation_open,office,true,Switch gears?,draft.conversation_open.035,Switch gears?
draft_conversation_open_035,th,0,speaker,เปลี่ยนเรื่องกันไหม?,conversation_open,office,false,เปลี่ยนเรื่องกันไหม?,draft.conversation_open.035,Switch gears?
draft_conversation_open_036,en,0,speaker,Let's untangle this.,conversation_open,office,false,Let's untangle this.,draft.conversation_open.036,Let's untangle this.
draft_conversation_open_036,th,0,speaker,มาแกะเรื่องนี้กัน,conversation_open,office,true,มาแกะเรื่องนี้กัน,draft.conversation_open.036,Let's untangle this.
draft_conversation_open_037,en,0,speaker,Here's the good part.,conversation_open,office,false,Here's the good part.,draft.conversation_open.037,Here's the good part.
draft_conversation_open_037,th,0,speaker,ส่วนดีอยู่ตรงนี้,conversation_open,office,true,ส่วนดีอยู่ตรงนี้,draft.conversation_open.037,Here's the good part.
draft_conversation_open_038,en,0,speaker,Here's the catch.,conversation_open,office,false,Here's the catch.,draft.conversation_open.038,Here's the catch.
draft_conversation_open_038,th,0,speaker,แต่มีข้อแม้นะ,conversation_open,office,true,แต่มีข้อแม้นะ,draft.conversation_open.038,Here's the catch.
draft_conversation_open_039,en,0,speaker,Want to brainstorm?,conversation_open,office,false,Want to brainstorm?,draft.conversation_open.039,Want to brainstorm?
draft_conversation_open_039,th,0,speaker,ระดมไอเดียกันไหม?,conversation_open,office,false,ระดมไอเดียกันไหม?,draft.conversation_open.039,Want to brainstorm?
draft_conversation_open_040,en,0,speaker,Let's make a call.,conversation_open,office,false,Let's make a call.,draft.conversation_open.040,Let's make a call.
draft_conversation_open_040,th,0,speaker,ตัดสินใจกัน,conversation_open,office,true,ตัดสินใจกัน,draft.conversation_open.040,Let's make a call.
draft_conversation_open_041,en,0,speaker,Mind if I join?,conversation_open,office,true,Mind if I join?,draft.conversation_open.041,Mind if I join?
draft_conversation_open_041,th,0,speaker,ขอร่วมด้วยได้ไหม?,conversation_open,office,false,ขอร่วมด้วยได้ไหม?,draft.conversation_open.041,Mind if I join?
draft_conversation_open_042,en,0,speaker,Is now okay?,conversation_open,office,true,Is now okay?,draft.conversation_open.042,Is now okay?
draft_conversation_open_042,th,0,speaker,ตอนนี้สะดวกไหม?,conversation_open,office,false,ตอนนี้สะดวกไหม?,draft.conversation_open.042,Is now okay?
draft_conversation_open_043,en,0,speaker,Can I be curious?,conversation_open,office,false,Can I be curious?,draft.conversation_open.043,Can I be curious?
draft_conversation_open_043,th,0,speaker,ขอถามแบบสงสัยนะ,conversation_open,office,false,ขอถามแบบสงสัยนะ,draft.conversation_open.043,Can I be curious?
draft_conversation_open_044,en,0,speaker,Revisit that?,conversation_open,office,true,Revisit that?,draft.conversation_open.044,Revisit that?
draft_conversation_open_044,th,0,speaker,กลับมาดูเรื่องนั้นไหม?,conversation_open,office,false,กลับมาดูเรื่องนั้นไหม?,draft.conversation_open.044,Revisit that?
draft_conversation_open_045,en,0,speaker,How about this?,conversation_open,office,false,How about this?,draft.conversation_open.045,How about this?
draft_conversation_open_045,th,0,speaker,เอาแบบนี้ไหม?,conversation_open,office,true,เอาแบบนี้ไหม?,draft.conversation_open.045,How about this?
draft_conversation_open_046,en,0,speaker,Let's keep talking.,conversation_open,office,false,Let's keep talking.,draft.conversation_open.046,Let's keep talking.
draft_conversation_open_046,th,0,speaker,คุยต่อกัน,conversation_open,office,true,คุยต่อกัน,draft.conversation_open.046,Let's keep talking.
draft_conversation_open_047,en,0,speaker,Quick huddle.,conversation_open,office,true,Quick huddle.,draft.conversation_open.047,Quick huddle.
draft_conversation_open_047,th,0,speaker,รวมตัวคุยแป๊บหนึ่ง,conversation_open,office,false,รวมตัวคุยแป๊บหนึ่ง,draft.conversation_open.047,Quick huddle.
draft_conversation_open_048,en,0,speaker,Open the topic.,conversation_open,office,false,Open the topic.,draft.conversation_open.048,Open the topic.
draft_conversation_open_048,th,0,speaker,เปิดประเด็นกัน,conversation_open,office,true,เปิดประเด็นกัน,draft.conversation_open.048,Open the topic.
draft_conversation_open_049,en,0,speaker,Your take?,conversation_open,office,true,Your take?,draft.conversation_open.049,Your take?
draft_conversation_open_049,th,0,speaker,มีมุมมองไหม?,conversation_open,office,true,มีมุมมองไหม?,draft.conversation_open.049,Your take?
draft_conversation_open_050,en,0,speaker,Ready for a thought?,conversation_open,office,false,Ready for a thought?,draft.conversation_open.050,Ready for a thought?
draft_conversation_open_050,th,0,speaker,พร้อมฟังความคิดไหม?,conversation_open,office,false,พร้อมฟังความคิดไหม?,draft.conversation_open.050,Ready for a thought?
draft_conversation_reply_001,en,0,speaker,Sure thing!,conversation_reply,office,true,Sure thing!,draft.conversation_reply.001,Sure thing!
draft_conversation_reply_001,th,0,speaker,ได้สิ!,conversation_reply,office,true,ได้สิ!,draft.conversation_reply.001,Sure thing!
draft_conversation_reply_002,en,0,speaker,Absolutely!,conversation_reply,office,true,Absolutely!,draft.conversation_reply.002,Absolutely!
draft_conversation_reply_002,th,0,speaker,แน่สิ!,conversation_reply,office,true,แน่สิ!,draft.conversation_reply.002,Absolutely!
draft_conversation_reply_003,en,0,speaker,"Ah, I see.",conversation_reply,office,true,"Ah, I see.",draft.conversation_reply.003,"Ah, I see."
draft_conversation_reply_003,th,0,speaker,อ๋อ เข้าใจแล้ว,conversation_reply,office,true,อ๋อ เข้าใจแล้ว,draft.conversation_reply.003,"Ah, I see."
draft_conversation_reply_004,en,0,speaker,Got it.,conversation_reply,office,true,Got it.,draft.conversation_reply.004,Got it.
draft_conversation_reply_004,th,0,speaker,รับทราบ,conversation_reply,office,true,รับทราบ,draft.conversation_reply.004,Got it.
draft_conversation_reply_005,en,0,speaker,Sounds good.,conversation_reply,office,true,Sounds good.,draft.conversation_reply.005,Sounds good.
draft_conversation_reply_005,th,0,speaker,ฟังดูดีนะ,conversation_reply,office,true,ฟังดูดีนะ,draft.conversation_reply.005,Sounds good.
draft_conversation_reply_006,en,0,speaker,That works.,conversation_reply,office,true,That works.,draft.conversation_reply.006,That works.
draft_conversation_reply_006,th,0,speaker,แบบนั้นได้,conversation_reply,office,true,แบบนั้นได้,draft.conversation_reply.006,That works.
draft_conversation_reply_007,en,0,speaker,No problem.,conversation_reply,office,true,No problem.,draft.conversation_reply.007,No problem.
draft_conversation_reply_007,th,0,speaker,ไม่มีปัญหา,conversation_reply,office,true,ไม่มีปัญหา,draft.conversation_reply.007,No problem.
draft_conversation_reply_008,en,0,speaker,On it.,conversation_reply,office,true,On it.,draft.conversation_reply.008,On it.
draft_conversation_reply_008,th,0,speaker,จัดการให้,conversation_reply,office,true,จัดการให้,draft.conversation_reply.008,On it.
draft_conversation_reply_009,en,0,speaker,Right away.,conversation_reply,office,true,Right away.,draft.conversation_reply.009,Right away.
draft_conversation_reply_009,th,0,speaker,เดี๋ยวทำเลย,conversation_reply,office,true,เดี๋ยวทำเลย,draft.conversation_reply.009,Right away.
draft_conversation_reply_010,en,0,speaker,Good point.,conversation_reply,office,true,Good point.,draft.conversation_reply.010,Good point.
draft_conversation_reply_010,th,0,speaker,พูดถูกนะ,conversation_reply,office,true,พูดถูกนะ,draft.conversation_reply.010,Good point.
draft_conversation_reply_011,en,0,speaker,Fair enough.,conversation_reply,office,true,Fair enough.,draft.conversation_reply.011,Fair enough.
draft_conversation_reply_011,th,0,speaker,ก็จริงนะ,conversation_reply,office,true,ก็จริงนะ,draft.conversation_reply.011,Fair enough.
draft_conversation_reply_012,en,0,speaker,You're right.,conversation_reply,office,true,You're right.,draft.conversation_reply.012,You're right.
draft_conversation_reply_012,th,0,speaker,คุณพูดถูก,conversation_reply,office,true,คุณพูดถูก,draft.conversation_reply.012,You're right.
draft_conversation_reply_013,en,0,speaker,Maybe so.,conversation_reply,office,true,Maybe so.,draft.conversation_reply.013,Maybe so.
draft_conversation_reply_013,th,0,speaker,อาจจะใช่,conversation_reply,office,true,อาจจะใช่,draft.conversation_reply.013,Maybe so.
draft_conversation_reply_014,en,0,speaker,Let me check.,conversation_reply,office,true,Let me check.,draft.conversation_reply.014,Let me check.
draft_conversation_reply_014,th,0,speaker,ขอเช็กก่อน,conversation_reply,office,true,ขอเช็กก่อน,draft.conversation_reply.014,Let me check.
draft_conversation_reply_015,en,0,speaker,I've got it.,conversation_reply,office,true,I've got it.,draft.conversation_reply.015,I've got it.
draft_conversation_reply_015,th,0,speaker,เดี๋ยวฉันทำ,conversation_reply,office,true,เดี๋ยวฉันทำ,draft.conversation_reply.015,I've got it.
draft_conversation_reply_016,en,0,speaker,I'll think.,conversation_reply,office,true,I'll think.,draft.conversation_reply.016,I'll think.
draft_conversation_reply_016,th,0,speaker,ขอคิดก่อน,conversation_reply,office,true,ขอคิดก่อน,draft.conversation_reply.016,I'll think.
draft_conversation_reply_017,en,0,speaker,Thanks for the note.,conversation_reply,office,false,Thanks for the note.,draft.conversation_reply.017,Thanks for the note.
draft_conversation_reply_017,th,0,speaker,ขอบคุณสำหรับโน้ต,conversation_reply,office,false,ขอบคุณสำหรับโน้ต,draft.conversation_reply.017,Thanks for the note.
draft_conversation_reply_018,en,0,speaker,Many thanks!,conversation_reply,office,true,Many thanks!,draft.conversation_reply.018,Many thanks!
draft_conversation_reply_018,th,0,speaker,ขอบใจ!,conversation_reply,office,true,ขอบใจ!,draft.conversation_reply.018,Many thanks!
draft_conversation_reply_019,en,0,speaker,Much appreciated.,conversation_reply,office,false,Much appreciated.,draft.conversation_reply.019,Much appreciated.
draft_conversation_reply_019,th,0,speaker,ขอบใจมาก,conversation_reply,office,true,ขอบใจมาก,draft.conversation_reply.019,Much appreciated.
draft_conversation_reply_020,en,0,speaker,You're welcome.,conversation_reply,office,false,You're welcome.,draft.conversation_reply.020,You're welcome.
draft_conversation_reply_020,th,0,speaker,ไม่เป็นไร,conversation_reply,office,true,ไม่เป็นไร,draft.conversation_reply.020,You're welcome.
draft_conversation_reply_021,en,0,speaker,My mistake.,conversation_reply,office,true,My mistake.,draft.conversation_reply.021,My mistake.
draft_conversation_reply_021,th,0,speaker,ฉันพลาดเอง,conversation_reply,office,true,ฉันพลาดเอง,draft.conversation_reply.021,My mistake.
draft_conversation_reply_022,en,0,speaker,Nice spot.,conversation_reply,office,true,Nice spot.,draft.conversation_reply.022,Nice spot.
draft_conversation_reply_022,th,0,speaker,จับจุดได้ดี,conversation_reply,office,true,จับจุดได้ดี,draft.conversation_reply.022,Nice spot.
draft_conversation_reply_023,en,0,speaker,That helps.,conversation_reply,office,true,That helps.,draft.conversation_reply.023,That helps.
draft_conversation_reply_023,th,0,speaker,ช่วยได้มาก,conversation_reply,office,true,ช่วยได้มาก,draft.conversation_reply.023,That helps.
draft_conversation_reply_024,en,0,speaker,Understood.,conversation_reply,office,true,Understood.,draft.conversation_reply.024,Understood.
draft_conversation_reply_024,th,0,speaker,รับเรื่องแล้ว,conversation_reply,office,true,รับเรื่องแล้ว,draft.conversation_reply.024,Understood.
draft_conversation_reply_025,en,0,speaker,Noted.,conversation_reply,office,true,Noted.,draft.conversation_reply.025,Noted.
draft_conversation_reply_025,th,0,speaker,บันทึกไว้แล้ว,conversation_reply,office,true,บันทึกไว้แล้ว,draft.conversation_reply.025,Noted.
draft_conversation_reply_026,en,0,speaker,Let's do it.,conversation_reply,office,true,Let's do it.,draft.conversation_reply.026,Let's do it.
draft_conversation_reply_026,th,0,speaker,ทำกันเลย,conversation_reply,office,true,ทำกันเลย,draft.conversation_reply.026,Let's do it.
draft_conversation_reply_027,en,0,speaker,One sec.,conversation_reply,office,true,One sec.,draft.conversation_reply.027,One sec.
draft_conversation_reply_027,th,0,speaker,แป๊บนะ,conversation_reply,office,true,แป๊บนะ,draft.conversation_reply.027,One sec.
draft_conversation_reply_028,en,0,speaker,Give me a moment.,conversation_reply,office,false,Give me a moment.,draft.conversation_reply.028,Give me a moment.
draft_conversation_reply_028,th,0,speaker,ขอเวลาครู่นะ,conversation_reply,office,true,ขอเวลาครู่นะ,draft.conversation_reply.028,Give me a moment.
draft_conversation_reply_029,en,0,speaker,One moment.,conversation_reply,office,true,One moment.,draft.conversation_reply.029,One moment.
draft_conversation_reply_029,th,0,speaker,แป๊บหนึ่งนะ,conversation_reply,office,true,แป๊บหนึ่งนะ,draft.conversation_reply.029,One moment.
draft_conversation_reply_030,en,0,speaker,I agree.,conversation_reply,office,true,I agree.,draft.conversation_reply.030,I agree.
draft_conversation_reply_030,th,0,speaker,เห็นด้วย,conversation_reply,office,true,เห็นด้วย,draft.conversation_reply.030,I agree.
draft_conversation_reply_031,en,0,speaker,I disagree.,conversation_reply,office,true,I disagree.,draft.conversation_reply.031,I disagree.
draft_conversation_reply_031,th,0,speaker,ไม่เห็นด้วย,conversation_reply,office,true,ไม่เห็นด้วย,draft.conversation_reply.031,I disagree.
draft_conversation_reply_032,en,0,speaker,Let's compromise.,conversation_reply,office,false,Let's compromise.,draft.conversation_reply.032,Let's compromise.
draft_conversation_reply_032,th,0,speaker,หาตรงกลางกัน,conversation_reply,office,true,หาตรงกลางกัน,draft.conversation_reply.032,Let's compromise.
draft_conversation_reply_033,en,0,speaker,Exactly.,conversation_reply,office,true,Exactly.,draft.conversation_reply.033,Exactly.
draft_conversation_reply_033,th,0,speaker,ถูกต้องนะ,conversation_reply,office,true,ถูกต้องนะ,draft.conversation_reply.033,Exactly.
draft_conversation_reply_034,en,0,speaker,Not quite.,conversation_reply,office,true,Not quite.,draft.conversation_reply.034,Not quite.
draft_conversation_reply_034,th,0,speaker,ยังไม่ใช่,conversation_reply,office,true,ยังไม่ใช่,draft.conversation_reply.034,Not quite.
draft_conversation_reply_035,en,0,speaker,Almost.,conversation_reply,office,true,Almost.,draft.conversation_reply.035,Almost.
draft_conversation_reply_035,th,0,speaker,เกือบแล้ว,conversation_reply,office,true,เกือบแล้ว,draft.conversation_reply.035,Almost.
draft_conversation_reply_036,en,0,speaker,That's clear.,conversation_reply,office,true,That's clear.,draft.conversation_reply.036,That's clear.
draft_conversation_reply_036,th,0,speaker,ชัดเจนแล้ว,conversation_reply,office,true,ชัดเจนแล้ว,draft.conversation_reply.036,That's clear.
draft_conversation_reply_037,en,0,speaker,Now I know.,conversation_reply,office,true,Now I know.,draft.conversation_reply.037,Now I know.
draft_conversation_reply_037,th,0,speaker,ตอนนี้เข้าใจแล้ว,conversation_reply,office,true,ตอนนี้เข้าใจแล้ว,draft.conversation_reply.037,Now I know.
draft_conversation_reply_038,en,0,speaker,Good to know.,conversation_reply,office,true,Good to know.,draft.conversation_reply.038,Good to know.
draft_conversation_reply_038,th,0,speaker,รู้ไว้ดีเลย,conversation_reply,office,true,รู้ไว้ดีเลย,draft.conversation_reply.038,Good to know.
draft_conversation_reply_039,en,0,speaker,I'll remember.,conversation_reply,office,true,I'll remember.,draft.conversation_reply.039,I'll remember.
draft_conversation_reply_039,th,0,speaker,จะจำไว้นะ,conversation_reply,office,true,จะจำไว้นะ,draft.conversation_reply.039,I'll remember.
draft_conversation_reply_040,en,0,speaker,Your call.,conversation_reply,office,true,Your call.,draft.conversation_reply.040,Your call.
draft_conversation_reply_040,th,0,speaker,แล้วแต่คุณ,conversation_reply,office,true,แล้วแต่คุณ,draft.conversation_reply.040,Your call.
draft_conversation_reply_041,en,0,speaker,Up to us.,conversation_reply,office,true,Up to us.,draft.conversation_reply.041,Up to us.
draft_conversation_reply_041,th,0,speaker,อยู่ที่เรา,conversation_reply,office,true,อยู่ที่เรา,draft.conversation_reply.041,Up to us.
draft_conversation_reply_042,en,0,speaker,That is fair.,conversation_reply,office,true,That is fair.,draft.conversation_reply.042,That is fair.
draft_conversation_reply_042,th,0,speaker,ยุติธรรมดี,conversation_reply,office,true,ยุติธรรมดี,draft.conversation_reply.042,That is fair.
draft_conversation_reply_043,en,0,speaker,Let's confirm.,conversation_reply,office,true,Let's confirm.,draft.conversation_reply.043,Let's confirm.
draft_conversation_reply_043,th,0,speaker,ยืนยันกัน,conversation_reply,office,true,ยืนยันกัน,draft.conversation_reply.043,Let's confirm.
draft_conversation_reply_044,en,0,speaker,Confirmed.,conversation_reply,office,true,Confirmed.,draft.conversation_reply.044,Confirmed.
draft_conversation_reply_044,th,0,speaker,ยืนยันแล้ว,conversation_reply,office,true,ยืนยันแล้ว,draft.conversation_reply.044,Confirmed.
draft_conversation_reply_045,en,0,speaker,Message received.,conversation_reply,office,false,Message received.,draft.conversation_reply.045,Message received.
draft_conversation_reply_045,th,0,speaker,ได้รับข้อความแล้ว,conversation_reply,office,false,ได้รับข้อความแล้ว,draft.conversation_reply.045,Message received.
draft_conversation_reply_046,en,0,speaker,"Understood, thanks.",conversation_reply,office,false,"Understood, thanks.",draft.conversation_reply.046,"Understood, thanks."
draft_conversation_reply_046,th,0,speaker,เข้าใจแล้ว ขอบคุณ,conversation_reply,office,false,เข้าใจแล้ว ขอบคุณ,draft.conversation_reply.046,"Understood, thanks."
draft_conversation_reply_047,en,0,speaker,All right.,conversation_reply,office,true,All right.,draft.conversation_reply.047,All right.
draft_conversation_reply_047,th,0,speaker,ตกลง,conversation_reply,office,true,ตกลง,draft.conversation_reply.047,All right.
draft_conversation_reply_048,en,0,speaker,"Okay, then.",conversation_reply,office,true,"Okay, then.",draft.conversation_reply.048,"Okay, then."
draft_conversation_reply_048,th,0,speaker,โอเค งั้นตามนี้,conversation_reply,office,true,โอเค งั้นตามนี้,draft.conversation_reply.048,"Okay, then."
draft_conversation_reply_049,en,0,speaker,Not yet.,conversation_reply,office,true,Not yet.,draft.conversation_reply.049,Not yet.
draft_conversation_reply_049,th,0,speaker,ยังไม่ตอนนี้,conversation_reply,office,true,ยังไม่ตอนนี้,draft.conversation_reply.049,Not yet.
draft_conversation_reply_050,en,0,speaker,Let's keep it.,conversation_reply,office,true,Let's keep it.,draft.conversation_reply.050,Let's keep it.
draft_conversation_reply_050,th,0,speaker,เก็บแบบนี้เลย,conversation_reply,office,true,เก็บแบบนี้เลย,draft.conversation_reply.050,Let's keep it.
draft_idle_flavor_001,en,0,speaker,Coffee whispers.,idle_flavor,office,false,Coffee whispers.,draft.idle_flavor.001,Coffee whispers.
draft_idle_flavor_001,th,0,speaker,กาแฟกระซิบ,idle_flavor,office,true,กาแฟกระซิบ,draft.idle_flavor.001,Coffee whispers.
draft_idle_flavor_002,en,0,speaker,The plant agrees.,idle_flavor,office,false,The plant agrees.,draft.idle_flavor.002,The plant agrees.
draft_idle_flavor_002,th,0,speaker,ต้นไม้เห็นด้วย,idle_flavor,office,true,ต้นไม้เห็นด้วย,draft.idle_flavor.002,The plant agrees.
draft_idle_flavor_003,en,0,speaker,Sticky note mystery.,idle_flavor,office,false,Sticky note mystery.,draft.idle_flavor.003,Sticky note mystery.
draft_idle_flavor_003,th,0,speaker,ปริศนาโพสต์อิท,idle_flavor,office,true,ปริศนาโพสต์อิท,draft.idle_flavor.003,Sticky note mystery.
draft_idle_flavor_004,en,0,speaker,Chair says hello.,idle_flavor,office,false,Chair says hello.,draft.idle_flavor.004,Chair says hello.
draft_idle_flavor_004,th,0,speaker,เก้าอี้ทักทาย,idle_flavor,office,true,เก้าอี้ทักทาย,draft.idle_flavor.004,Chair says hello.
draft_idle_flavor_005,en,0,speaker,Pen picked me.,idle_flavor,office,false,Pen picked me.,draft.idle_flavor.005,Pen picked me.
draft_idle_flavor_005,th,0,speaker,ปากกาเลือกฉัน,idle_flavor,office,true,ปากกาเลือกฉัน,draft.idle_flavor.005,Pen picked me.
draft_idle_flavor_006,en,0,speaker,Clock is judging.,idle_flavor,office,false,Clock is judging.,draft.idle_flavor.006,Clock is judging.
draft_idle_flavor_006,th,0,speaker,นาฬิกากำลังตัดสิน,idle_flavor,office,false,นาฬิกากำลังตัดสิน,draft.idle_flavor.006,Clock is judging.
draft_idle_flavor_007,en,0,speaker,Snack thoughts.,idle_flavor,office,false,Snack thoughts.,draft.idle_flavor.007,Snack thoughts.
draft_idle_flavor_007,th,0,speaker,คิดถึงขนม,idle_flavor,office,true,คิดถึงขนม,draft.idle_flavor.007,Snack thoughts.
draft_idle_flavor_008,en,0,speaker,Desk mode: cozy.,idle_flavor,office,false,Desk mode: cozy.,draft.idle_flavor.008,Desk mode: cozy.
draft_idle_flavor_008,th,0,speaker,โหมดโต๊ะ: สบาย,idle_flavor,office,true,โหมดโต๊ะ: สบาย,draft.idle_flavor.008,Desk mode: cozy.
draft_idle_flavor_009,en,0,speaker,Window has stories.,idle_flavor,office,false,Window has stories.,draft.idle_flavor.009,Window has stories.
draft_idle_flavor_009,th,0,speaker,หน้าต่างมีเรื่องเล่า,idle_flavor,office,false,หน้าต่างมีเรื่องเล่า,draft.idle_flavor.009,Window has stories.
draft_idle_flavor_010,en,0,speaker,Playlist approves.,idle_flavor,office,false,Playlist approves.,draft.idle_flavor.010,Playlist approves.
draft_idle_flavor_010,th,0,speaker,เพลย์ลิสต์อนุมัติ,idle_flavor,office,true,เพลย์ลิสต์อนุมัติ,draft.idle_flavor.010,Playlist approves.
draft_idle_flavor_011,en,0,speaker,Little break.,idle_flavor,office,true,Little break.,draft.idle_flavor.011,Little break.
draft_idle_flavor_011,th,0,speaker,พักนิดหนึ่ง,idle_flavor,office,true,พักนิดหนึ่ง,draft.idle_flavor.011,Little break.
draft_idle_flavor_012,en,0,speaker,Brain on standby.,idle_flavor,office,false,Brain on standby.,draft.idle_flavor.012,Brain on standby.
draft_idle_flavor_012,th,0,speaker,สมองพักรอ,idle_flavor,office,true,สมองพักรอ,draft.idle_flavor.012,Brain on standby.
draft_idle_flavor_013,en,0,speaker,Just vibing.,idle_flavor,office,true,Just vibing.,draft.idle_flavor.013,Just vibing.
draft_idle_flavor_013,th,0,speaker,กำลังชิล,idle_flavor,office,true,กำลังชิล,draft.idle_flavor.013,Just vibing.
draft_idle_flavor_014,en,0,speaker,Quietly thriving.,idle_flavor,office,false,Quietly thriving.,draft.idle_flavor.014,Quietly thriving.
draft_idle_flavor_014,th,0,speaker,รุ่งเรืองเงียบ ๆ,idle_flavor,office,true,รุ่งเรืองเงียบ ๆ,draft.idle_flavor.014,Quietly thriving.
draft_idle_flavor_015,en,0,speaker,Desk detective.,idle_flavor,office,false,Desk detective.,draft.idle_flavor.015,Desk detective.
draft_idle_flavor_015,th,0,speaker,นักสืบโต๊ะทำงาน,idle_flavor,office,true,นักสืบโต๊ะทำงาน,draft.idle_flavor.015,Desk detective.
draft_idle_flavor_016,en,0,speaker,Paper trail!,idle_flavor,office,true,Paper trail!,draft.idle_flavor.016,Paper trail!
draft_idle_flavor_016,th,0,speaker,รอยทางกระดาษ!,idle_flavor,office,false,รอยทางกระดาษ!,draft.idle_flavor.016,Paper trail!
draft_idle_flavor_017,en,0,speaker,Where's my pen?,idle_flavor,office,false,Where's my pen?,draft.idle_flavor.017,Where's my pen?
draft_idle_flavor_017,th,0,speaker,ปากกาฉันอยู่ไหน?,idle_flavor,office,false,ปากกาฉันอยู่ไหน?,draft.idle_flavor.017,Where's my pen?
draft_idle_flavor_018,en,0,speaker,Found the good chair.,idle_flavor,office,false,Found the good chair.,draft.idle_flavor.018,Found the good chair.
draft_idle_flavor_018,th,0,speaker,เจอเก้าอี้ตัวโปรด,idle_flavor,office,true,เจอเก้าอี้ตัวโปรด,draft.idle_flavor.018,Found the good chair.
draft_idle_flavor_019,en,0,speaker,Another sip.,idle_flavor,office,true,Another sip.,draft.idle_flavor.019,Another sip.
draft_idle_flavor_019,th,0,speaker,ขอจิบอีกหน่อย,idle_flavor,office,true,ขอจิบอีกหน่อย,draft.idle_flavor.019,Another sip.
draft_idle_flavor_020,en,0,speaker,Tiny victory.,idle_flavor,office,true,Tiny victory.,draft.idle_flavor.020,Tiny victory.
draft_idle_flavor_020,th,0,speaker,ชัยชนะเล็ก ๆ,idle_flavor,office,true,ชัยชนะเล็ก ๆ,draft.idle_flavor.020,Tiny victory.
draft_idle_flavor_021,en,0,speaker,Air-con diplomacy.,idle_flavor,office,false,Air-con diplomacy.,draft.idle_flavor.021,Air-con diplomacy.
draft_idle_flavor_021,th,0,speaker,การทูตแอร์,idle_flavor,office,true,การทูตแอร์,draft.idle_flavor.021,Air-con diplomacy.
draft_idle_flavor_022,en,0,speaker,Snack diplomacy.,idle_flavor,office,false,Snack diplomacy.,draft.idle_flavor.022,Snack diplomacy.
draft_idle_flavor_022,th,0,speaker,การทูตขนม,idle_flavor,office,true,การทูตขนม,draft.idle_flavor.022,Snack diplomacy.
draft_idle_flavor_023,en,0,speaker,Meeting with myself.,idle_flavor,office,false,Meeting with myself.,draft.idle_flavor.023,Meeting with myself.
draft_idle_flavor_023,th,0,speaker,ประชุมกับตัวเอง,idle_flavor,office,true,ประชุมกับตัวเอง,draft.idle_flavor.023,Meeting with myself.
draft_idle_flavor_024,en,0,speaker,Thinking noises.,idle_flavor,office,false,Thinking noises.,draft.idle_flavor.024,Thinking noises.
draft_idle_flavor_024,th,0,speaker,เสียงกำลังคิด,idle_flavor,office,true,เสียงกำลังคิด,draft.idle_flavor.024,Thinking noises.
draft_idle_flavor_025,en,0,speaker,Plotting quietly.,idle_flavor,office,false,Plotting quietly.,draft.idle_flavor.025,Plotting quietly.
draft_idle_flavor_025,th,0,speaker,วางแผนเงียบ ๆ,idle_flavor,office,true,วางแผนเงียบ ๆ,draft.idle_flavor.025,Plotting quietly.
draft_idle_flavor_026,en,0,speaker,Desk weather: sunny.,idle_flavor,office,false,Desk weather: sunny.,draft.idle_flavor.026,Desk weather: sunny.
draft_idle_flavor_026,th,0,speaker,อากาศที่โต๊ะ: สดใส,idle_flavor,office,false,อากาศที่โต๊ะ: สดใส,draft.idle_flavor.026,Desk weather: sunny.
draft_idle_flavor_027,en,0,speaker,Keyboard concerto.,idle_flavor,office,false,Keyboard concerto.,draft.idle_flavor.027,Keyboard concerto.
draft_idle_flavor_027,th,0,speaker,คอนแชร์โตคีย์บอร์ด,idle_flavor,office,false,คอนแชร์โตคีย์บอร์ด,draft.idle_flavor.027,Keyboard concerto.
draft_idle_flavor_028,en,0,speaker,Mouse on patrol.,idle_flavor,office,false,Mouse on patrol.,draft.idle_flavor.028,Mouse on patrol.
draft_idle_flavor_028,th,0,speaker,เมาส์ออกลาดตระเวน,idle_flavor,office,false,เมาส์ออกลาดตระเวน,draft.idle_flavor.028,Mouse on patrol.
draft_idle_flavor_029,en,0,speaker,Sticky note parade.,idle_flavor,office,false,Sticky note parade.,draft.idle_flavor.029,Sticky note parade.
draft_idle_flavor_029,th,0,speaker,ขบวนโพสต์อิท,idle_flavor,office,true,ขบวนโพสต์อิท,draft.idle_flavor.029,Sticky note parade.
draft_idle_flavor_030,en,0,speaker,Coffee level: hopeful.,idle_flavor,office,false,Coffee level: hopeful.,draft.idle_flavor.030,Coffee level: hopeful.
draft_idle_flavor_030,th,0,speaker,ระดับกาแฟ: ยังมีหวัง,idle_flavor,office,false,ระดับกาแฟ: ยังมีหวัง,draft.idle_flavor.030,Coffee level: hopeful.
draft_idle_flavor_031,en,0,speaker,Focus loading...,idle_flavor,office,false,Focus loading...,draft.idle_flavor.031,Focus loading...
draft_idle_flavor_031,th,0,speaker,โฟกัสกำลังโหลด...,idle_flavor,office,false,โฟกัสกำลังโหลด...,draft.idle_flavor.031,Focus loading...
draft_idle_flavor_032,en,0,speaker,Brain loading...,idle_flavor,office,true,Brain loading...,draft.idle_flavor.032,Brain loading...
draft_idle_flavor_032,th,0,speaker,สมองกำลังโหลด...,idle_flavor,office,false,สมองกำลังโหลด...,draft.idle_flavor.032,Brain loading...
draft_idle_flavor_033,en,0,speaker,Just one doodle.,idle_flavor,office,false,Just one doodle.,draft.idle_flavor.033,Just one doodle.
draft_idle_flavor_033,th,0,speaker,วาดเล่นรูปเดียว,idle_flavor,office,true,วาดเล่นรูปเดียว,draft.idle_flavor.033,Just one doodle.
draft_idle_flavor_034,en,0,speaker,Chair comfort: high.,idle_flavor,office,false,Chair comfort: high.,draft.idle_flavor.034,Chair comfort: high.
draft_idle_flavor_034,th,0,speaker,เก้าอี้สบายมาก,idle_flavor,office,true,เก้าอี้สบายมาก,draft.idle_flavor.034,Chair comfort: high.
draft_idle_flavor_035,en,0,speaker,Window check.,idle_flavor,office,false,Window check.,draft.idle_flavor.035,Window check.
draft_idle_flavor_035,th,0,speaker,เช็กหน้าต่าง,idle_flavor,office,true,เช็กหน้าต่าง,draft.idle_flavor.035,Window check.
draft_idle_flavor_036,en,0,speaker,Plant check.,idle_flavor,office,true,Plant check.,draft.idle_flavor.036,Plant check.
draft_idle_flavor_036,th,0,speaker,เช็กต้นไม้,idle_flavor,office,true,เช็กต้นไม้,draft.idle_flavor.036,Plant check.
draft_idle_flavor_037,en,0,speaker,Snack check.,idle_flavor,office,true,Snack check.,draft.idle_flavor.037,Snack check.
draft_idle_flavor_037,th,0,speaker,เช็กขนม,idle_flavor,office,true,เช็กขนม,draft.idle_flavor.037,Snack check.
draft_idle_flavor_038,en,0,speaker,Vibes are good.,idle_flavor,office,false,Vibes are good.,draft.idle_flavor.038,Vibes are good.
draft_idle_flavor_038,th,0,speaker,บรรยากาศดี,idle_flavor,office,true,บรรยากาศดี,draft.idle_flavor.038,Vibes are good.
draft_idle_flavor_039,en,0,speaker,Vibes are weird.,idle_flavor,office,false,Vibes are weird.,draft.idle_flavor.039,Vibes are weird.
draft_idle_flavor_039,th,0,speaker,บรรยากาศแปลก,idle_flavor,office,false,บรรยากาศแปลก,draft.idle_flavor.039,Vibes are weird.
draft_idle_flavor_040,en,0,speaker,Humming softly.,idle_flavor,office,false,Humming softly.,draft.idle_flavor.040,Humming softly.
draft_idle_flavor_040,th,0,speaker,ฮัมเบา ๆ,idle_flavor,office,true,ฮัมเบา ๆ,draft.idle_flavor.040,Humming softly.
draft_idle_flavor_041,en,0,speaker,Counting paperclips.,idle_flavor,office,false,Counting paperclips.,draft.idle_flavor.041,Counting paperclips.
draft_idle_flavor_041,th,0,speaker,นับคลิปหนีบกระดาษ,idle_flavor,office,false,นับคลิปหนีบกระดาษ,draft.idle_flavor.041,Counting paperclips.
draft_idle_flavor_042,en,0,speaker,Finding a rhythm.,idle_flavor,office,false,Finding a rhythm.,draft.idle_flavor.042,Finding a rhythm.
draft_idle_flavor_042,th,0,speaker,หาจังหวะอยู่,idle_flavor,office,true,หาจังหวะอยู่,draft.idle_flavor.042,Finding a rhythm.
draft_idle_flavor_043,en,0,speaker,Not rushing.,idle_flavor,office,true,Not rushing.,draft.idle_flavor.043,Not rushing.
draft_idle_flavor_043,th,0,speaker,ไม่รีบนะ,idle_flavor,office,true,ไม่รีบนะ,draft.idle_flavor.043,Not rushing.
draft_idle_flavor_044,en,0,speaker,Small pause.,idle_flavor,office,true,Small pause.,draft.idle_flavor.044,Small pause.
draft_idle_flavor_044,th,0,speaker,หยุดนิดหนึ่ง,idle_flavor,office,true,หยุดนิดหนึ่ง,draft.idle_flavor.044,Small pause.
draft_idle_flavor_045,en,0,speaker,Thought bubble.,idle_flavor,office,false,Thought bubble.,draft.idle_flavor.045,Thought bubble.
draft_idle_flavor_045,th,0,speaker,ฟองความคิด,idle_flavor,office,true,ฟองความคิด,draft.idle_flavor.045,Thought bubble.
draft_idle_flavor_046,en,0,speaker,Desk adventure.,idle_flavor,office,false,Desk adventure.,draft.idle_flavor.046,Desk adventure.
draft_idle_flavor_046,th,0,speaker,ผจญภัยบนโต๊ะ,idle_flavor,office,true,ผจญภัยบนโต๊ะ,draft.idle_flavor.046,Desk adventure.
draft_idle_flavor_047,en,0,speaker,Productivity disguise.,idle_flavor,office,false,Productivity disguise.,draft.idle_flavor.047,Productivity disguise.
draft_idle_flavor_047,th,0,speaker,ปลอมตัวเป็นคนขยัน,idle_flavor,office,false,ปลอมตัวเป็นคนขยัน,draft.idle_flavor.047,Productivity disguise.
draft_idle_flavor_048,en,0,speaker,Almost inspired.,idle_flavor,office,false,Almost inspired.,draft.idle_flavor.048,Almost inspired.
draft_idle_flavor_048,th,0,speaker,เกือบได้แรงบันดาลใจ,idle_flavor,office,false,เกือบได้แรงบันดาลใจ,draft.idle_flavor.048,Almost inspired.
draft_idle_flavor_049,en,0,speaker,That was a squeak.,idle_flavor,office,false,That was a squeak.,draft.idle_flavor.049,That was a squeak.
draft_idle_flavor_049,th,0,speaker,เมื่อกี้เสียงเอี๊ยด,idle_flavor,office,true,เมื่อกี้เสียงเอี๊ยด,draft.idle_flavor.049,That was a squeak.
draft_idle_flavor_050,en,0,speaker,Back to staring.,idle_flavor,office,false,Back to staring.,draft.idle_flavor.050,Back to staring.
draft_idle_flavor_050,th,0,speaker,กลับมาจ้องต่อ,idle_flavor,office,true,กลับมาจ้องต่อ,draft.idle_flavor.050,Back to staring.
draft_anticipation_001,en,0,speaker,Almost time!,anticipation,office,true,Almost time!,draft.anticipation.001,Almost time!
draft_anticipation_001,th,0,speaker,ใกล้ได้เวลาแล้ว!,anticipation,office,true,ใกล้ได้เวลาแล้ว!,draft.anticipation.001,Almost time!
draft_anticipation_002,en,0,speaker,Any moment!,anticipation,office,true,Any moment!,draft.anticipation.002,Any moment!
draft_anticipation_002,th,0,speaker,อีกเดี๋ยว!,anticipation,office,true,อีกเดี๋ยว!,draft.anticipation.002,Any moment!
draft_anticipation_003,en,0,speaker,Here it comes.,anticipation,office,true,Here it comes.,draft.anticipation.003,Here it comes.
draft_anticipation_003,th,0,speaker,กำลังมาแล้ว,anticipation,office,true,กำลังมาแล้ว,draft.anticipation.003,Here it comes.
draft_anticipation_004,en,0,speaker,Waiting for news.,anticipation,office,false,Waiting for news.,draft.anticipation.004,Waiting for news.
draft_anticipation_004,th,0,speaker,รอข่าวอยู่,anticipation,office,true,รอข่าวอยู่,draft.anticipation.004,Waiting for news.
draft_anticipation_005,en,0,speaker,Almost set.,anticipation,office,true,Almost set.,draft.anticipation.005,Almost set.
draft_anticipation_005,th,0,speaker,ใกล้พร้อมแล้ว,anticipation,office,true,ใกล้พร้อมแล้ว,draft.anticipation.005,Almost set.
draft_anticipation_006,en,0,speaker,Results soon.,anticipation,office,true,Results soon.,draft.anticipation.006,Results soon.
draft_anticipation_006,th,0,speaker,ผลใกล้ออกแล้ว,anticipation,office,true,ผลใกล้ออกแล้ว,draft.anticipation.006,Results soon.
draft_anticipation_007,en,0,speaker,Fingers crossed.,anticipation,office,false,Fingers crossed.,draft.anticipation.007,Fingers crossed.
draft_anticipation_007,th,0,speaker,ภาวนาอยู่,anticipation,office,true,ภาวนาอยู่,draft.anticipation.007,Fingers crossed.
draft_anticipation_008,en,0,speaker,Let's see.,anticipation,office,true,Let's see.,draft.anticipation.008,Let's see.
draft_anticipation_008,th,0,speaker,มาดูกัน,anticipation,office,true,มาดูกัน,draft.anticipation.008,Let's see.
draft_anticipation_009,en,0,speaker,Could be big.,anticipation,office,true,Could be big.,draft.anticipation.009,Could be big.
draft_anticipation_009,th,0,speaker,อาจเป็นเรื่องใหญ่,anticipation,office,false,อาจเป็นเรื่องใหญ่,draft.anticipation.009,Could be big.
draft_anticipation_010,en,0,speaker,Feeling hopeful.,anticipation,office,false,Feeling hopeful.,draft.anticipation.010,Feeling hopeful.
draft_anticipation_010,th,0,speaker,รู้สึกมีหวัง,anticipation,office,true,รู้สึกมีหวัง,draft.anticipation.010,Feeling hopeful.
draft_anticipation_011,en,0,speaker,What's next?,anticipation,office,true,What's next?,draft.anticipation.011,What's next?
draft_anticipation_011,th,0,speaker,ต่อไปคืออะไร?,anticipation,office,true,ต่อไปคืออะไร?,draft.anticipation.011,What's next?
draft_anticipation_012,en,0,speaker,Countdown time.,anticipation,office,false,Countdown time.,draft.anticipation.012,Countdown time.
draft_anticipation_012,th,0,speaker,ได้เวลานับถอยหลัง,anticipation,office,false,ได้เวลานับถอยหลัง,draft.anticipation.012,Countdown time.
draft_anticipation_013,en,0,speaker,One step closer.,anticipation,office,false,One step closer.,draft.anticipation.013,One step closer.
draft_anticipation_013,th,0,speaker,ใกล้อีกขั้นนะ,anticipation,office,true,ใกล้อีกขั้นนะ,draft.anticipation.013,One step closer.
draft_anticipation_014,en,0,speaker,On the horizon.,anticipation,office,false,On the horizon.,draft.anticipation.014,On the horizon.
draft_anticipation_014,th,0,speaker,ใกล้เข้ามาแล้ว,anticipation,office,true,ใกล้เข้ามาแล้ว,draft.anticipation.014,On the horizon.
draft_anticipation_015,en,0,speaker,Nearly there.,anticipation,office,true,Nearly there.,draft.anticipation.015,Nearly there.
draft_anticipation_015,th,0,speaker,ใกล้มากแล้ว,anticipation,office,true,ใกล้มากแล้ว,draft.anticipation.015,Nearly there.
draft_anticipation_016,en,0,speaker,Hold that thought.,anticipation,office,false,Hold that thought.,draft.anticipation.016,Hold that thought.
draft_anticipation_016,th,0,speaker,รอแป๊บนะ,anticipation,office,true,รอแป๊บนะ,draft.anticipation.016,Hold that thought.
draft_anticipation_017,en,0,speaker,"Patience, please.",anticipation,office,false,"Patience, please.",draft.anticipation.017,"Patience, please."
draft_anticipation_017,th,0,speaker,ใจเย็น ๆ ก่อน,anticipation,office,true,ใจเย็น ๆ ก่อน,draft.anticipation.017,"Patience, please."
draft_anticipation_018,en,0,speaker,News incoming.,anticipation,office,false,News incoming.,draft.anticipation.018,News incoming.
draft_anticipation_018,th,0,speaker,ข่าวกำลังมา,anticipation,office,true,ข่าวกำลังมา,draft.anticipation.018,News incoming.
draft_anticipation_019,en,0,speaker,Reply pending.,anticipation,office,true,Reply pending.,draft.anticipation.019,Reply pending.
draft_anticipation_019,th,0,speaker,รอคำตอบอยู่,anticipation,office,true,รอคำตอบอยู่,draft.anticipation.019,Reply pending.
draft_anticipation_020,en,0,speaker,Package watch.,anticipation,office,false,Package watch.,draft.anticipation.020,Package watch.
draft_anticipation_020,th,0,speaker,เฝ้าพัสดุอยู่,anticipation,office,true,เฝ้าพัสดุอยู่,draft.anticipation.020,Package watch.
draft_anticipation_021,en,0,speaker,Launch watch.,anticipation,office,true,Launch watch.,draft.anticipation.021,Launch watch.
draft_anticipation_021,th,0,speaker,เฝ้ารอเปิดตัว,anticipation,office,true,เฝ้ารอเปิดตัว,draft.anticipation.021,Launch watch.
draft_anticipation_022,en,0,speaker,Review soon.,anticipation,office,true,Review soon.,draft.anticipation.022,Review soon.
draft_anticipation_022,th,0,speaker,ใกล้ตรวจแล้ว,anticipation,office,true,ใกล้ตรวจแล้ว,draft.anticipation.022,Review soon.
draft_anticipation_023,en,0,speaker,Test soon.,anticipation,office,true,Test soon.,draft.anticipation.023,Test soon.
draft_anticipation_023,th,0,speaker,ใกล้ทดสอบแล้ว,anticipation,office,true,ใกล้ทดสอบแล้ว,draft.anticipation.023,Test soon.
draft_anticipation_024,en,0,speaker,Meeting soon.,anticipation,office,true,Meeting soon.,draft.anticipation.024,Meeting soon.
draft_anticipation_024,th,0,speaker,ใกล้ประชุมแล้ว,anticipation,office,true,ใกล้ประชุมแล้ว,draft.anticipation.024,Meeting soon.
draft_anticipation_025,en,0,speaker,Lunch is near.,anticipation,office,true,Lunch is near.,draft.anticipation.025,Lunch is near.
draft_anticipation_025,th,0,speaker,ใกล้พักเที่ยงแล้ว,anticipation,office,true,ใกล้พักเที่ยงแล้ว,draft.anticipation.025,Lunch is near.
draft_anticipation_026,en,0,speaker,Weekend ahead.,anticipation,office,false,Weekend ahead.,draft.anticipation.026,Weekend ahead.
draft_anticipation_026,th,0,speaker,สุดสัปดาห์ใกล้แล้ว,anticipation,office,false,สุดสัปดาห์ใกล้แล้ว,draft.anticipation.026,Weekend ahead.
draft_anticipation_027,en,0,speaker,Good things brewing.,anticipation,office,false,Good things brewing.,draft.anticipation.027,Good things brewing.
draft_anticipation_027,th,0,speaker,เรื่องดีกำลังมา,anticipation,office,true,เรื่องดีกำลังมา,draft.anticipation.027,Good things brewing.
draft_anticipation_028,en,0,speaker,Maybe today.,anticipation,office,true,Maybe today.,draft.anticipation.028,Maybe today.
draft_anticipation_028,th,0,speaker,อาจเป็นวันนี้,anticipation,office,true,อาจเป็นวันนี้,draft.anticipation.028,Maybe today.
draft_anticipation_029,en,0,speaker,Maybe sooner.,anticipation,office,true,Maybe sooner.,draft.anticipation.029,Maybe sooner.
draft_anticipation_029,th,0,speaker,อาจเร็วกว่านั้น,anticipation,office,true,อาจเร็วกว่านั้น,draft.anticipation.029,Maybe sooner.
draft_anticipation_030,en,0,speaker,Wait a little.,anticipation,office,true,Wait a little.,draft.anticipation.030,Wait a little.
draft_anticipation_030,th,0,speaker,รออีกนิด,anticipation,office,true,รออีกนิด,draft.anticipation.030,Wait a little.
draft_anticipation_031,en,0,speaker,Keep watching.,anticipation,office,false,Keep watching.,draft.anticipation.031,Keep watching.
draft_anticipation_031,th,0,speaker,จับตาดูต่อ,anticipation,office,true,จับตาดูต่อ,draft.anticipation.031,Keep watching.
draft_anticipation_032,en,0,speaker,Keep wondering.,anticipation,office,false,Keep wondering.,draft.anticipation.032,Keep wondering.
draft_anticipation_032,th,0,speaker,สงสัยต่อไป,anticipation,office,true,สงสัยต่อไป,draft.anticipation.032,Keep wondering.
draft_anticipation_033,en,0,speaker,Something is coming.,anticipation,office,false,Something is coming.,draft.anticipation.033,Something is coming.
draft_anticipation_033,th,0,speaker,บางอย่างกำลังมา,anticipation,office,true,บางอย่างกำลังมา,draft.anticipation.033,Something is coming.
draft_anticipation_034,en,0,speaker,Hard to call.,anticipation,office,true,Hard to call.,draft.anticipation.034,Hard to call.
draft_anticipation_034,th,0,speaker,ฟันธงยาก,anticipation,office,true,ฟันธงยาก,draft.anticipation.034,Hard to call.
draft_anticipation_035,en,0,speaker,Time will tell.,anticipation,office,true,Time will tell.,draft.anticipation.035,Time will tell.
draft_anticipation_035,th,0,speaker,เดี๋ยวเวลาก็บอก,anticipation,office,true,เดี๋ยวเวลาก็บอก,draft.anticipation.035,Time will tell.
draft_anticipation_036,en,0,speaker,Almost in hand.,anticipation,office,false,Almost in hand.,draft.anticipation.036,Almost in hand.
draft_anticipation_036,th,0,speaker,ใกล้อยู่ในมือแล้ว,anticipation,office,true,ใกล้อยู่ในมือแล้ว,draft.anticipation.036,Almost in hand.
draft_anticipation_037,en,0,speaker,Waiting pays off.,anticipation,office,false,Waiting pays off.,draft.anticipation.037,Waiting pays off.
draft_anticipation_037,th,0,speaker,รอแล้วคุ้ม,anticipation,office,true,รอแล้วคุ้ม,draft.anticipation.037,Waiting pays off.
draft_anticipation_038,en,0,speaker,Hope rising.,anticipation,office,true,Hope rising.,draft.anticipation.038,Hope rising.
draft_anticipation_038,th,0,speaker,ความหวังเพิ่มขึ้น,anticipation,office,true,ความหวังเพิ่มขึ้น,draft.anticipation.038,Hope rising.
draft_anticipation_039,en,0,speaker,Quiet countdown.,anticipation,office,false,Quiet countdown.,draft.anticipation.039,Quiet countdown.
draft_anticipation_039,th,0,speaker,นับถอยหลังเงียบ ๆ,anticipation,office,false,นับถอยหลังเงียบ ๆ,draft.anticipation.039,Quiet countdown.
draft_anticipation_040,en,0,speaker,Not long now.,anticipation,office,true,Not long now.,draft.anticipation.040,Not long now.
draft_anticipation_040,th,0,speaker,อีกไม่นาน,anticipation,office,true,อีกไม่นาน,draft.anticipation.040,Not long now.
draft_anticipation_041,en,0,speaker,On standby.,anticipation,office,true,On standby.,draft.anticipation.041,On standby.
draft_anticipation_041,th,0,speaker,เตรียมรออยู่,anticipation,office,true,เตรียมรออยู่,draft.anticipation.041,On standby.
draft_anticipation_042,en,0,speaker,Ready when it lands.,anticipation,office,false,Ready when it lands.,draft.anticipation.042,Ready when it lands.
draft_anticipation_042,th,0,speaker,พร้อมเมื่อมาถึง,anticipation,office,true,พร้อมเมื่อมาถึง,draft.anticipation.042,Ready when it lands.
draft_anticipation_043,en,0,speaker,Just a little longer.,anticipation,office,false,Just a little longer.,draft.anticipation.043,Just a little longer.
draft_anticipation_043,th,0,speaker,อีกแป๊บเดียว,anticipation,office,true,อีกแป๊บเดียว,draft.anticipation.043,Just a little longer.
draft_anticipation_044,en,0,speaker,Close enough to cheer.,anticipation,office,false,Close enough to cheer.,draft.anticipation.044,Close enough to cheer.
draft_anticipation_044,th,0,speaker,ใกล้พอให้เฮแล้ว,anticipation,office,true,ใกล้พอให้เฮแล้ว,draft.anticipation.044,Close enough to cheer.
draft_anticipation_045,en,0,speaker,One more refresh.,anticipation,office,false,One more refresh.,draft.anticipation.045,One more refresh.
draft_anticipation_045,th,0,speaker,รีเฟรชอีกที,anticipation,office,true,รีเฟรชอีกที,draft.anticipation.045,One more refresh.
draft_anticipation_046,en,0,speaker,Watch it unfold.,anticipation,office,false,Watch it unfold.,draft.anticipation.046,Watch it unfold.
draft_anticipation_046,th,0,speaker,มาดูมันคลี่คลาย,anticipation,office,true,มาดูมันคลี่คลาย,draft.anticipation.046,Watch it unfold.
draft_anticipation_047,en,0,speaker,Eyes on the clock.,anticipation,office,false,Eyes on the clock.,draft.anticipation.047,Eyes on the clock.
draft_anticipation_047,th,0,speaker,จับตานาฬิกา,anticipation,office,true,จับตานาฬิกา,draft.anticipation.047,Eyes on the clock.
draft_anticipation_048,en,0,speaker,Hope for a win.,anticipation,office,false,Hope for a win.,draft.anticipation.048,Hope for a win.
draft_anticipation_048,th,0,speaker,หวังว่าจะชนะ,anticipation,office,true,หวังว่าจะชนะ,draft.anticipation.048,Hope for a win.
draft_anticipation_049,en,0,speaker,Something feels close.,anticipation,office,false,Something feels close.,draft.anticipation.049,Something feels close.
draft_anticipation_049,th,0,speaker,รู้สึกว่าใกล้แล้ว,anticipation,office,true,รู้สึกว่าใกล้แล้ว,draft.anticipation.049,Something feels close.
draft_anticipation_050,en,0,speaker,Wait for it...,anticipation,office,true,Wait for it...,draft.anticipation.050,Wait for it...
draft_anticipation_050,th,0,speaker,รอเลย...,anticipation,office,true,รอเลย...,draft.anticipation.050,Wait for it...
draft_uncertainty_001,en,0,speaker,Not sure yet.,uncertainty,office,true,Not sure yet.,draft.uncertainty.001,Not sure yet.
draft_uncertainty_001,th,0,speaker,ยังไม่แน่ใจ,uncertainty,office,true,ยังไม่แน่ใจ,draft.uncertainty.001,Not sure yet.
draft_uncertainty_002,en,0,speaker,Maybe.,uncertainty,office,true,Maybe.,draft.uncertainty.002,Maybe.
draft_uncertainty_002,th,0,speaker,อาจจะนะ,uncertainty,office,true,อาจจะนะ,draft.uncertainty.002,Maybe.
draft_uncertainty_003,en,0,speaker,Could be.,uncertainty,office,true,Could be.,draft.uncertainty.003,Could be.
draft_uncertainty_003,th,0,speaker,เป็นไปได้,uncertainty,office,true,เป็นไปได้,draft.uncertainty.003,Could be.
draft_uncertainty_004,en,0,speaker,Hard to tell.,uncertainty,office,true,Hard to tell.,draft.uncertainty.004,Hard to tell.
draft_uncertainty_004,th,0,speaker,บอกยากนะ,uncertainty,office,true,บอกยากนะ,draft.uncertainty.004,Hard to tell.
draft_uncertainty_005,en,0,speaker,Check again.,uncertainty,office,true,Check again.,draft.uncertainty.005,Check again.
draft_uncertainty_005,th,0,speaker,เช็กอีกที,uncertainty,office,true,เช็กอีกที,draft.uncertainty.005,Check again.
draft_uncertainty_006,en,0,speaker,Need more data.,uncertainty,office,false,Need more data.,draft.uncertainty.006,Need more data.
draft_uncertainty_006,th,0,speaker,ขอข้อมูลเพิ่ม,uncertainty,office,true,ขอข้อมูลเพิ่ม,draft.uncertainty.006,Need more data.
draft_uncertainty_007,en,0,speaker,Need a second look.,uncertainty,office,false,Need a second look.,draft.uncertainty.007,Need a second look.
draft_uncertainty_007,th,0,speaker,ขอดูอีกที,uncertainty,office,true,ขอดูอีกที,draft.uncertainty.007,Need a second look.
draft_uncertainty_008,en,0,speaker,Something feels off.,uncertainty,office,false,Something feels off.,draft.uncertainty.008,Something feels off.
draft_uncertainty_008,th,0,speaker,รู้สึกแปลก ๆ,uncertainty,office,true,รู้สึกแปลก ๆ,draft.uncertainty.008,Something feels off.
draft_uncertainty_009,en,0,speaker,That seems unclear.,uncertainty,office,false,That seems unclear.,draft.uncertainty.009,That seems unclear.
draft_uncertainty_009,th,0,speaker,ยังไม่ชัดเจน,uncertainty,office,true,ยังไม่ชัดเจน,draft.uncertainty.009,That seems unclear.
draft_uncertainty_010,en,0,speaker,"Later, perhaps.",uncertainty,office,true,"Later, perhaps.",draft.uncertainty.010,"Later, perhaps."
draft_uncertainty_010,th,0,speaker,ไว้ทีหลังมั้ง,uncertainty,office,true,ไว้ทีหลังมั้ง,draft.uncertainty.010,"Later, perhaps."
draft_uncertainty_011,en,0,speaker,The result may swing.,uncertainty,office,false,The result may swing.,draft.uncertainty.011,The result may swing.
draft_uncertainty_011,th,0,speaker,ผลยังพลิกได้,uncertainty,office,true,ผลยังพลิกได้,draft.uncertainty.011,The result may swing.
draft_uncertainty_012,en,0,speaker,Let's not guess.,uncertainty,office,false,Let's not guess.,draft.uncertainty.012,Let's not guess.
draft_uncertainty_012,th,0,speaker,อย่าเพิ่งเดา,uncertainty,office,true,อย่าเพิ่งเดา,draft.uncertainty.012,Let's not guess.
draft_uncertainty_013,en,0,speaker,I need context.,uncertainty,office,false,I need context.,draft.uncertainty.013,I need context.
draft_uncertainty_013,th,0,speaker,ขอบริบทเพิ่ม,uncertainty,office,true,ขอบริบทเพิ่ม,draft.uncertainty.013,I need context.
draft_uncertainty_014,en,0,speaker,Question mark.,uncertainty,office,true,Question mark.,draft.uncertainty.014,Question mark.
draft_uncertainty_014,th,0,speaker,ยังเป็นคำถาม,uncertainty,office,true,ยังเป็นคำถาม,draft.uncertainty.014,Question mark.
draft_uncertainty_015,en,0,speaker,Not decided.,uncertainty,office,true,Not decided.,draft.uncertainty.015,Not decided.
draft_uncertainty_015,th,0,speaker,ยังไม่ตัดสินใจ,uncertainty,office,true,ยังไม่ตัดสินใจ,draft.uncertainty.015,Not decided.
draft_uncertainty_016,en,0,speaker,Side by side?,uncertainty,office,true,Side by side?,draft.uncertainty.016,Side by side?
draft_uncertainty_016,th,0,speaker,เทียบข้างกันไหม,uncertainty,office,true,เทียบข้างกันไหม,draft.uncertainty.016,Side by side?
draft_uncertainty_017,en,0,speaker,Check the numbers.,uncertainty,office,false,Check the numbers.,draft.uncertainty.017,Check the numbers.
draft_uncertainty_017,th,0,speaker,เช็กตัวเลขก่อน,uncertainty,office,true,เช็กตัวเลขก่อน,draft.uncertainty.017,Check the numbers.
draft_uncertainty_018,en,0,speaker,Check the timing.,uncertainty,office,false,Check the timing.,draft.uncertainty.018,Check the timing.
draft_uncertainty_018,th,0,speaker,เช็กเวลาก่อน,uncertainty,office,true,เช็กเวลาก่อน,draft.uncertainty.018,Check the timing.
draft_uncertainty_019,en,0,speaker,Check the route.,uncertainty,office,false,Check the route.,draft.uncertainty.019,Check the route.
draft_uncertainty_019,th,0,speaker,เช็กเส้นทางก่อน,uncertainty,office,true,เช็กเส้นทางก่อน,draft.uncertainty.019,Check the route.
draft_uncertainty_020,en,0,speaker,Check the file.,uncertainty,office,true,Check the file.,draft.uncertainty.020,Check the file.
draft_uncertainty_020,th,0,speaker,เช็กไฟล์ก่อน,uncertainty,office,true,เช็กไฟล์ก่อน,draft.uncertainty.020,Check the file.
draft_uncertainty_021,en,0,speaker,Could be wrong.,uncertainty,office,false,Could be wrong.,draft.uncertainty.021,Could be wrong.
draft_uncertainty_021,th,0,speaker,อาจผิดก็ได้,uncertainty,office,true,อาจผิดก็ได้,draft.uncertainty.021,Could be wrong.
draft_uncertainty_022,en,0,speaker,Hope I'm wrong.,uncertainty,office,false,Hope I'm wrong.,draft.uncertainty.022,Hope I'm wrong.
draft_uncertainty_022,th,0,speaker,หวังว่าฉันผิด,uncertainty,office,true,หวังว่าฉันผิด,draft.uncertainty.022,Hope I'm wrong.
draft_uncertainty_023,en,0,speaker,Not convinced.,uncertainty,office,false,Not convinced.,draft.uncertainty.023,Not convinced.
draft_uncertainty_023,th,0,speaker,ยังไม่เชื่อ,uncertainty,office,true,ยังไม่เชื่อ,draft.uncertainty.023,Not convinced.
draft_uncertainty_024,en,0,speaker,Unclear for now.,uncertainty,office,false,Unclear for now.,draft.uncertainty.024,Unclear for now.
draft_uncertainty_024,th,0,speaker,ตอนนี้ยังไม่ชัด,uncertainty,office,true,ตอนนี้ยังไม่ชัด,draft.uncertainty.024,Unclear for now.
draft_uncertainty_025,en,0,speaker,Pause here.,uncertainty,office,true,Pause here.,draft.uncertainty.025,Pause here.
draft_uncertainty_025,th,0,speaker,หยุดก่อนนะ,uncertainty,office,true,หยุดก่อนนะ,draft.uncertainty.025,Pause here.
draft_uncertainty_026,en,0,speaker,Ask again?,uncertainty,office,true,Ask again?,draft.uncertainty.026,Ask again?
draft_uncertainty_026,th,0,speaker,ถามอีกทีไหม?,uncertainty,office,true,ถามอีกทีไหม?,draft.uncertainty.026,Ask again?
draft_uncertainty_027,en,0,speaker,Maybe this way.,uncertainty,office,false,Maybe this way.,draft.uncertainty.027,Maybe this way.
draft_uncertainty_027,th,0,speaker,อาจทางนี้,uncertainty,office,true,อาจทางนี้,draft.uncertainty.027,Maybe this way.
draft_uncertainty_028,en,0,speaker,Maybe that way.,uncertainty,office,false,Maybe that way.,draft.uncertainty.028,Maybe that way.
draft_uncertainty_028,th,0,speaker,อาจทางนั้น,uncertainty,office,true,อาจทางนั้น,draft.uncertainty.028,Maybe that way.
draft_uncertainty_029,en,0,speaker,Which one?,uncertainty,office,true,Which one?,draft.uncertainty.029,Which one?
draft_uncertainty_029,th,0,speaker,อันไหนดี?,uncertainty,office,true,อันไหนดี?,draft.uncertainty.029,Which one?
draft_uncertainty_030,en,0,speaker,Who knows?,uncertainty,office,true,Who knows?,draft.uncertainty.030,Who knows?
draft_uncertainty_030,th,0,speaker,ใครจะรู้,uncertainty,office,true,ใครจะรู้,draft.uncertainty.030,Who knows?
draft_uncertainty_031,en,0,speaker,I wonder.,uncertainty,office,true,I wonder.,draft.uncertainty.031,I wonder.
draft_uncertainty_031,th,0,speaker,สงสัยจัง,uncertainty,office,true,สงสัยจัง,draft.uncertainty.031,I wonder.
draft_uncertainty_032,en,0,speaker,Still thinking.,uncertainty,office,true,Still thinking.,draft.uncertainty.032,Still thinking.
draft_uncertainty_032,th,0,speaker,ยังคิดอยู่,uncertainty,office,true,ยังคิดอยู่,draft.uncertainty.032,Still thinking.
draft_uncertainty_033,en,0,speaker,Need a moment.,uncertainty,office,false,Need a moment.,draft.uncertainty.033,Need a moment.
draft_uncertainty_033,th,0,speaker,ขอเวลาหน่อย,uncertainty,office,true,ขอเวลาหน่อย,draft.uncertainty.033,Need a moment.
draft_uncertainty_034,en,0,speaker,Let's verify.,uncertainty,office,true,Let's verify.,draft.uncertainty.034,Let's verify.
draft_uncertainty_034,th,0,speaker,มาตรวจสอบกัน,uncertainty,office,true,มาตรวจสอบกัน,draft.uncertainty.034,Let's verify.
draft_uncertainty_035,en,0,speaker,One detail missing.,uncertainty,office,false,One detail missing.,draft.uncertainty.035,One detail missing.
draft_uncertainty_035,th,0,speaker,ขาดรายละเอียดหนึ่งอย่าง,uncertainty,office,false,ขาดรายละเอียดหนึ่งอย่าง,draft.uncertainty.035,One detail missing.
draft_uncertainty_036,en,0,speaker,Not quite clear.,uncertainty,office,false,Not quite clear.,draft.uncertainty.036,Not quite clear.
draft_uncertainty_036,th,0,speaker,ยังไม่ค่อยชัด,uncertainty,office,true,ยังไม่ค่อยชัด,draft.uncertainty.036,Not quite clear.
draft_uncertainty_037,en,0,speaker,Could use a clue.,uncertainty,office,false,Could use a clue.,draft.uncertainty.037,Could use a clue.
draft_uncertainty_037,th,0,speaker,ขอเบาะแสหน่อย,uncertainty,office,true,ขอเบาะแสหน่อย,draft.uncertainty.037,Could use a clue.
draft_uncertainty_038,en,0,speaker,Keep options open.,uncertainty,office,false,Keep options open.,draft.uncertainty.038,Keep options open.
draft_uncertainty_038,th,0,speaker,เปิดทางเลือกไว้ก่อน,uncertainty,office,false,เปิดทางเลือกไว้ก่อน,draft.uncertainty.038,Keep options open.
draft_uncertainty_039,en,0,speaker,Don't lock it yet.,uncertainty,office,false,Don't lock it yet.,draft.uncertainty.039,Don't lock it yet.
draft_uncertainty_039,th,0,speaker,อย่าเพิ่งฟันธง,uncertainty,office,true,อย่าเพิ่งฟันธง,draft.uncertainty.039,Don't lock it yet.
draft_uncertainty_040,en,0,speaker,"Maybe, maybe not.",uncertainty,office,false,"Maybe, maybe not.",draft.uncertainty.040,"Maybe, maybe not."
draft_uncertainty_040,th,0,speaker,อาจใช่หรือไม่ก็ได้,uncertainty,office,false,อาจใช่หรือไม่ก็ได้,draft.uncertainty.040,"Maybe, maybe not."
draft_uncertainty_041,en,0,speaker,Wait for proof.,uncertainty,office,true,Wait for proof.,draft.uncertainty.041,Wait for proof.
draft_uncertainty_041,th,0,speaker,รอหลักฐานก่อน,uncertainty,office,true,รอหลักฐานก่อน,draft.uncertainty.041,Wait for proof.
draft_uncertainty_042,en,0,speaker,Check twice.,uncertainty,office,true,Check twice.,draft.uncertainty.042,Check twice.
draft_uncertainty_042,th,0,speaker,เช็กสองรอบ,uncertainty,office,true,เช็กสองรอบ,draft.uncertainty.042,Check twice.
draft_uncertainty_043,en,0,speaker,Stay flexible.,uncertainty,office,true,Stay flexible.,draft.uncertainty.043,Stay flexible.
draft_uncertainty_043,th,0,speaker,ยืดหยุ่นไว้ก่อน,uncertainty,office,true,ยืดหยุ่นไว้ก่อน,draft.uncertainty.043,Stay flexible.
draft_uncertainty_044,en,0,speaker,Still a mystery.,uncertainty,office,false,Still a mystery.,draft.uncertainty.044,Still a mystery.
draft_uncertainty_044,th,0,speaker,ยังเป็นปริศนา,uncertainty,office,true,ยังเป็นปริศนา,draft.uncertainty.044,Still a mystery.
draft_uncertainty_045,en,0,speaker,Need a clear sign.,uncertainty,office,false,Need a clear sign.,draft.uncertainty.045,Need a clear sign.
draft_uncertainty_045,th,0,speaker,ขอสัญญาณชัดกว่านี้,uncertainty,office,false,ขอสัญญาณชัดกว่านี้,draft.uncertainty.045,Need a clear sign.
draft_uncertainty_046,en,0,speaker,Could change.,uncertainty,office,true,Could change.,draft.uncertainty.046,Could change.
draft_uncertainty_046,th,0,speaker,อาจเปลี่ยนได้,uncertainty,office,true,อาจเปลี่ยนได้,draft.uncertainty.046,Could change.
draft_uncertainty_047,en,0,speaker,Let's see first.,uncertainty,office,true,Let's see first.,draft.uncertainty.047,Let's see first.
draft_uncertainty_047,th,0,speaker,ดูไปก่อน,uncertainty,office,true,ดูไปก่อน,draft.uncertainty.047,Let's see first.
draft_uncertainty_048,en,0,speaker,Not enough yet.,uncertainty,office,false,Not enough yet.,draft.uncertainty.048,Not enough yet.
draft_uncertainty_048,th,0,speaker,ยังไม่พอ,uncertainty,office,true,ยังไม่พอ,draft.uncertainty.048,Not enough yet.
draft_uncertainty_049,en,0,speaker,Let's not rush.,uncertainty,office,true,Let's not rush.,draft.uncertainty.049,Let's not rush.
draft_uncertainty_049,th,0,speaker,อย่ารีบ,uncertainty,office,true,อย่ารีบ,draft.uncertainty.049,Let's not rush.
draft_uncertainty_050,en,0,speaker,Let's ask around.,uncertainty,office,false,Let's ask around.,draft.uncertainty.050,Let's ask around.
draft_uncertainty_050,th,0,speaker,ลองถามคนอื่น,uncertainty,office,true,ลองถามคนอื่น,draft.uncertainty.050,Let's ask around.
draft_encouragement_001,en,0,speaker,Keep going!,encouragement,office,true,Keep going!,draft.encouragement.001,Keep going!
draft_encouragement_001,th,0,speaker,ไปต่อเลย!,encouragement,office,true,ไปต่อเลย!,draft.encouragement.001,Keep going!
draft_encouragement_002,en,0,speaker,You've got this!,encouragement,office,false,You've got this!,draft.encouragement.002,You've got this!
draft_encouragement_002,th,0,speaker,ทำได้อยู่แล้ว!,encouragement,office,true,ทำได้อยู่แล้ว!,draft.encouragement.002,You've got this!
draft_encouragement_003,en,0,speaker,One more step!,encouragement,office,false,One more step!,draft.encouragement.003,One more step!
draft_encouragement_003,th,0,speaker,อีกก้าวเดียว!,encouragement,office,true,อีกก้าวเดียว!,draft.encouragement.003,One more step!
draft_encouragement_004,en,0,speaker,Stay with it!,encouragement,office,true,Stay with it!,draft.encouragement.004,Stay with it!
draft_encouragement_004,th,0,speaker,ลุยต่อไป!,encouragement,office,true,ลุยต่อไป!,draft.encouragement.004,Stay with it!
draft_encouragement_005,en,0,speaker,Don't give up!,encouragement,office,true,Don't give up!,draft.encouragement.005,Don't give up!
draft_encouragement_005,th,0,speaker,อย่าเพิ่งยอมแพ้!,encouragement,office,true,อย่าเพิ่งยอมแพ้!,draft.encouragement.005,Don't give up!
draft_encouragement_006,en,0,speaker,Take a breath.,encouragement,office,true,Take a breath.,draft.encouragement.006,Take a breath.
draft_encouragement_006,th,0,speaker,หายใจลึก ๆ,encouragement,office,true,หายใจลึก ๆ,draft.encouragement.006,Take a breath.
draft_encouragement_007,en,0,speaker,Small steps count.,encouragement,office,false,Small steps count.,draft.encouragement.007,Small steps count.
draft_encouragement_007,th,0,speaker,ก้าวเล็กก็สำคัญ,encouragement,office,true,ก้าวเล็กก็สำคัญ,draft.encouragement.007,Small steps count.
draft_encouragement_008,en,0,speaker,You're close!,encouragement,office,true,You're close!,draft.encouragement.008,You're close!
draft_encouragement_008,th,0,speaker,ใกล้แล้ว!,encouragement,office,true,ใกล้แล้ว!,draft.encouragement.008,You're close!
draft_encouragement_009,en,0,speaker,Keep your pace.,encouragement,office,false,Keep your pace.,draft.encouragement.009,Keep your pace.
draft_encouragement_009,th,0,speaker,รักษาจังหวะไว้,encouragement,office,true,รักษาจังหวะไว้,draft.encouragement.009,Keep your pace.
draft_encouragement_010,en,0,speaker,Trust the process.,encouragement,office,false,Trust the process.,draft.encouragement.010,Trust the process.
draft_encouragement_010,th,0,speaker,เชื่อในขั้นตอน,encouragement,office,true,เชื่อในขั้นตอน,draft.encouragement.010,Trust the process.
draft_encouragement_011,en,0,speaker,Try once more.,encouragement,office,true,Try once more.,draft.encouragement.011,Try once more.
draft_encouragement_011,th,0,speaker,ลองอีกครั้ง,encouragement,office,true,ลองอีกครั้ง,draft.encouragement.011,Try once more.
draft_encouragement_012,en,0,speaker,Give it time.,encouragement,office,true,Give it time.,draft.encouragement.012,Give it time.
draft_encouragement_012,th,0,speaker,ให้เวลามันหน่อย,encouragement,office,true,ให้เวลามันหน่อย,draft.encouragement.012,Give it time.
draft_encouragement_013,en,0,speaker,Start small.,encouragement,office,true,Start small.,draft.encouragement.013,Start small.
draft_encouragement_013,th,0,speaker,เริ่มจากเล็ก ๆ,encouragement,office,true,เริ่มจากเล็ก ๆ,draft.encouragement.013,Start small.
draft_encouragement_014,en,0,speaker,Keep your focus.,encouragement,office,false,Keep your focus.,draft.encouragement.014,Keep your focus.
draft_encouragement_014,th,0,speaker,โฟกัสไว้นะ,encouragement,office,true,โฟกัสไว้นะ,draft.encouragement.014,Keep your focus.
draft_encouragement_015,en,0,speaker,You're improving.,encouragement,office,false,You're improving.,draft.encouragement.015,You're improving.
draft_encouragement_015,th,0,speaker,กำลังดีขึ้นนะ,encouragement,office,true,กำลังดีขึ้นนะ,draft.encouragement.015,You're improving.
draft_encouragement_016,en,0,speaker,That was brave.,encouragement,office,false,That was brave.,draft.encouragement.016,That was brave.
draft_encouragement_016,th,0,speaker,กล้ามากนะ,encouragement,office,true,กล้ามากนะ,draft.encouragement.016,That was brave.
draft_encouragement_017,en,0,speaker,Good effort!,encouragement,office,true,Good effort!,draft.encouragement.017,Good effort!
draft_encouragement_017,th,0,speaker,พยายามดีมาก!,encouragement,office,true,พยายามดีมาก!,draft.encouragement.017,Good effort!
draft_encouragement_018,en,0,speaker,Strong comeback!,encouragement,office,false,Strong comeback!,draft.encouragement.018,Strong comeback!
draft_encouragement_018,th,0,speaker,กลับมาได้ดี!,encouragement,office,true,กลับมาได้ดี!,draft.encouragement.018,Strong comeback!
draft_encouragement_019,en,0,speaker,Learn and move.,encouragement,office,false,Learn and move.,draft.encouragement.019,Learn and move.
draft_encouragement_019,th,0,speaker,เรียนรู้แล้วไปต่อ,encouragement,office,true,เรียนรู้แล้วไปต่อ,draft.encouragement.019,Learn and move.
draft_encouragement_020,en,0,speaker,Your work matters.,encouragement,office,false,Your work matters.,draft.encouragement.020,Your work matters.
draft_encouragement_020,th,0,speaker,งานของคุณสำคัญ,encouragement,office,false,งานของคุณสำคัญ,draft.encouragement.020,Your work matters.
draft_encouragement_021,en,0,speaker,Keep the faith.,encouragement,office,false,Keep the faith.,draft.encouragement.021,Keep the faith.
draft_encouragement_021,th,0,speaker,เชื่อมั่นไว้นะ,encouragement,office,true,เชื่อมั่นไว้นะ,draft.encouragement.021,Keep the faith.
draft_encouragement_022,en,0,speaker,Almost through!,encouragement,office,false,Almost through!,draft.encouragement.022,Almost through!
draft_encouragement_022,th,0,speaker,ใกล้ผ่านแล้ว!,encouragement,office,true,ใกล้ผ่านแล้ว!,draft.encouragement.022,Almost through!
draft_encouragement_023,en,0,speaker,Stay steady.,encouragement,office,true,Stay steady.,draft.encouragement.023,Stay steady.
draft_encouragement_023,th,0,speaker,ค่อย ๆ มั่นคง,encouragement,office,true,ค่อย ๆ มั่นคง,draft.encouragement.023,Stay steady.
draft_encouragement_024,en,0,speaker,Hold the line.,encouragement,office,true,Hold the line.,draft.encouragement.024,Hold the line.
draft_encouragement_024,th,0,speaker,ยืนหยัดไว้นะ,encouragement,office,true,ยืนหยัดไว้นะ,draft.encouragement.024,Hold the line.
draft_encouragement_025,en,0,speaker,Push gently.,encouragement,office,true,Push gently.,draft.encouragement.025,Push gently.
draft_encouragement_025,th,0,speaker,ค่อย ๆ ฮึด,encouragement,office,true,ค่อย ๆ ฮึด,draft.encouragement.025,Push gently.
draft_encouragement_026,en,0,speaker,"Rest, then return.",encouragement,office,false,"Rest, then return.",draft.encouragement.026,"Rest, then return."
draft_encouragement_026,th,0,speaker,พักแล้วค่อยลุย,encouragement,office,true,พักแล้วค่อยลุย,draft.encouragement.026,"Rest, then return."
draft_encouragement_027,en,0,speaker,You're not alone.,encouragement,office,false,You're not alone.,draft.encouragement.027,You're not alone.
draft_encouragement_027,th,0,speaker,คุณไม่ได้อยู่คนเดียว,encouragement,office,false,คุณไม่ได้อยู่คนเดียว,draft.encouragement.027,You're not alone.
draft_encouragement_028,en,0,speaker,We can solve it.,encouragement,office,false,We can solve it.,draft.encouragement.028,We can solve it.
draft_encouragement_028,th,0,speaker,เราแก้ได้,encouragement,office,true,เราแก้ได้,draft.encouragement.028,We can solve it.
draft_encouragement_029,en,0,speaker,We've got time.,encouragement,office,false,We've got time.,draft.encouragement.029,We've got time.
draft_encouragement_029,th,0,speaker,เรายังมีเวลา,encouragement,office,true,เรายังมีเวลา,draft.encouragement.029,We've got time.
draft_encouragement_030,en,0,speaker,Try together.,encouragement,office,true,Try together.,draft.encouragement.030,Try together.
draft_encouragement_030,th,0,speaker,ลองไปด้วยกัน,encouragement,office,true,ลองไปด้วยกัน,draft.encouragement.030,Try together.
draft_encouragement_031,en,0,speaker,Keep asking.,encouragement,office,true,Keep asking.,draft.encouragement.031,Keep asking.
draft_encouragement_031,th,0,speaker,ถามต่อได้เลย,encouragement,office,true,ถามต่อได้เลย,draft.encouragement.031,Keep asking.
draft_encouragement_032,en,0,speaker,Keep learning.,encouragement,office,true,Keep learning.,draft.encouragement.032,Keep learning.
draft_encouragement_032,th,0,speaker,เรียนรู้ต่อไป,encouragement,office,true,เรียนรู้ต่อไป,draft.encouragement.032,Keep learning.
draft_encouragement_033,en,0,speaker,Stay open.,encouragement,office,true,Stay open.,draft.encouragement.033,Stay open.
draft_encouragement_033,th,0,speaker,เปิดใจไว้นะ,encouragement,office,true,เปิดใจไว้นะ,draft.encouragement.033,Stay open.
draft_encouragement_034,en,0,speaker,Your idea counts.,encouragement,office,false,Your idea counts.,draft.encouragement.034,Your idea counts.
draft_encouragement_034,th,0,speaker,ไอเดียคุณสำคัญ,encouragement,office,true,ไอเดียคุณสำคัญ,draft.encouragement.034,Your idea counts.
draft_encouragement_035,en,0,speaker,Make the next move.,encouragement,office,false,Make the next move.,draft.encouragement.035,Make the next move.
draft_encouragement_035,th,0,speaker,ก้าวต่อไปกัน,encouragement,office,true,ก้าวต่อไปกัน,draft.encouragement.035,Make the next move.
draft_encouragement_036,en,0,speaker,Don't fear drafts.,encouragement,office,false,Don't fear drafts.,draft.encouragement.036,Don't fear drafts.
draft_encouragement_036,th,0,speaker,อย่ากลัวร่างแรก,encouragement,office,true,อย่ากลัวร่างแรก,draft.encouragement.036,Don't fear drafts.
draft_encouragement_037,en,0,speaker,Errors can teach.,encouragement,office,false,Errors can teach.,draft.encouragement.037,Errors can teach.
draft_encouragement_037,th,0,speaker,ข้อผิดพลาดสอนได้,encouragement,office,false,ข้อผิดพลาดสอนได้,draft.encouragement.037,Errors can teach.
draft_encouragement_038,en,0,speaker,Progress is progress.,encouragement,office,false,Progress is progress.,draft.encouragement.038,Progress is progress.
draft_encouragement_038,th,0,speaker,คืบหน้าก็คือคืบหน้า,encouragement,office,false,คืบหน้าก็คือคืบหน้า,draft.encouragement.038,Progress is progress.
draft_encouragement_039,en,0,speaker,Keep showing up.,encouragement,office,false,Keep showing up.,draft.encouragement.039,Keep showing up.
draft_encouragement_039,th,0,speaker,มาปรากฏตัวต่อไป,encouragement,office,false,มาปรากฏตัวต่อไป,draft.encouragement.039,Keep showing up.
draft_encouragement_040,en,0,speaker,Take it stepwise.,encouragement,office,false,Take it stepwise.,draft.encouragement.040,Take it stepwise.
draft_encouragement_040,th,0,speaker,ทำทีละขั้น,encouragement,office,true,ทำทีละขั้น,draft.encouragement.040,Take it stepwise.
draft_encouragement_041,en,0,speaker,Your turn is coming.,encouragement,office,false,Your turn is coming.,draft.encouragement.041,Your turn is coming.
draft_encouragement_041,th,0,speaker,ถึงตาคุณแล้ว,encouragement,office,true,ถึงตาคุณแล้ว,draft.encouragement.041,Your turn is coming.
draft_encouragement_042,en,0,speaker,Brighter days ahead.,encouragement,office,false,Brighter days ahead.,draft.encouragement.042,Brighter days ahead.
draft_encouragement_042,th,0,speaker,วันดี ๆ รออยู่,encouragement,office,true,วันดี ๆ รออยู่,draft.encouragement.042,Brighter days ahead.
draft_encouragement_043,en,0,speaker,"Hold on, teammate.",encouragement,office,false,"Hold on, teammate.",draft.encouragement.043,"Hold on, teammate."
draft_encouragement_043,th,0,speaker,อดทนไว้นะเพื่อนร่วมทีม,encouragement,office,false,อดทนไว้นะเพื่อนร่วมทีม,draft.encouragement.043,"Hold on, teammate."
draft_encouragement_044,en,0,speaker,You're doing fine.,encouragement,office,false,You're doing fine.,draft.encouragement.044,You're doing fine.
draft_encouragement_044,th,0,speaker,คุณทำได้ดี,encouragement,office,true,คุณทำได้ดี,draft.encouragement.044,You're doing fine.
draft_encouragement_045,en,0,speaker,Finish strong.,encouragement,office,true,Finish strong.,draft.encouragement.045,Finish strong.
draft_encouragement_045,th,0,speaker,ปิดงานให้สุดแรง,encouragement,office,true,ปิดงานให้สุดแรง,draft.encouragement.045,Finish strong.
draft_encouragement_046,en,0,speaker,Keep the spark.,encouragement,office,false,Keep the spark.,draft.encouragement.046,Keep the spark.
draft_encouragement_046,th,0,speaker,รักษาไฟไว้,encouragement,office,true,รักษาไฟไว้,draft.encouragement.046,Keep the spark.
draft_encouragement_047,en,0,speaker,"One breath, then go.",encouragement,office,false,"One breath, then go.",draft.encouragement.047,"One breath, then go."
draft_encouragement_047,th,0,speaker,หายใจแล้วลุย,encouragement,office,true,หายใจแล้วลุย,draft.encouragement.047,"One breath, then go."
draft_encouragement_048,en,0,speaker,Believe the next step.,encouragement,office,false,Believe the next step.,draft.encouragement.048,Believe the next step.
draft_encouragement_048,th,0,speaker,เชื่อในก้าวต่อไป,encouragement,office,true,เชื่อในก้าวต่อไป,draft.encouragement.048,Believe the next step.
draft_encouragement_049,en,0,speaker,Still proud of you.,encouragement,office,false,Still proud of you.,draft.encouragement.049,Still proud of you.
draft_encouragement_049,th,0,speaker,ยังภูมิใจในตัวคุณ,encouragement,office,false,ยังภูมิใจในตัวคุณ,draft.encouragement.049,Still proud of you.
draft_encouragement_050,en,0,speaker,Let's not quit.,encouragement,office,true,Let's not quit.,draft.encouragement.050,Let's not quit.
draft_encouragement_050,th,0,speaker,อย่าเพิ่งเลิก,encouragement,office,true,อย่าเพิ่งเลิก,draft.encouragement.050,Let's not quit.
draft_praise_001,en,0,speaker,Nice idea!,praise,office,true,Nice idea!,draft.praise.001,Nice idea!
draft_praise_001,th,0,speaker,ไอเดียดี!,praise,office,true,ไอเดียดี!,draft.praise.001,Nice idea!
draft_praise_002,en,0,speaker,Great work!,praise,office,true,Great work!,draft.praise.002,Great work!
draft_praise_002,th,0,speaker,ทำได้เยี่ยม!,praise,office,true,ทำได้เยี่ยม!,draft.praise.002,Great work!
draft_praise_003,en,0,speaker,Nicely done!,praise,office,true,Nicely done!,draft.praise.003,Nicely done!
draft_praise_003,th,0,speaker,ทำได้ดี!,praise,office,true,ทำได้ดี!,draft.praise.003,Nicely done!
draft_praise_004,en,0,speaker,Good thinking!,praise,office,true,Good thinking!,draft.praise.004,Good thinking!
draft_praise_004,th,0,speaker,คิดได้ดี!,praise,office,true,คิดได้ดี!,draft.praise.004,Good thinking!
draft_praise_005,en,0,speaker,Sharp move!,praise,office,true,Sharp move!,draft.praise.005,Sharp move!
draft_praise_005,th,0,speaker,ตัดสินใจคม!,praise,office,true,ตัดสินใจคม!,draft.praise.005,Sharp move!
draft_praise_006,en,0,speaker,Clean work!,praise,office,true,Clean work!,draft.praise.006,Clean work!
draft_praise_006,th,0,speaker,งานเรียบร้อย!,praise,office,true,งานเรียบร้อย!,draft.praise.006,Clean work!
draft_praise_007,en,0,speaker,Strong finish!,praise,office,true,Strong finish!,draft.praise.007,Strong finish!
draft_praise_007,th,0,speaker,ปิดงานได้ดี!,praise,office,true,ปิดงานได้ดี!,draft.praise.007,Strong finish!
draft_praise_008,en,0,speaker,Lovely detail!,praise,office,true,Lovely detail!,draft.praise.008,Lovely detail!
draft_praise_008,th,0,speaker,รายละเอียดดีมาก!,praise,office,false,รายละเอียดดีมาก!,draft.praise.008,Lovely detail!
draft_praise_009,en,0,speaker,Great timing!,praise,office,true,Great timing!,draft.praise.009,Great timing!
draft_praise_009,th,0,speaker,จังหวะดีมาก!,praise,office,true,จังหวะดีมาก!,draft.praise.009,Great timing!
draft_praise_010,en,0,speaker,Clear and neat!,praise,office,false,Clear and neat!,draft.praise.010,Clear and neat!
draft_praise_010,th,0,speaker,ชัดเจนและเรียบร้อย!,praise,office,false,ชัดเจนและเรียบร้อย!,draft.praise.010,Clear and neat!
draft_praise_011,en,0,speaker,That looks good.,praise,office,false,That looks good.,draft.praise.011,That looks good.
draft_praise_011,th,0,speaker,ดูดีนะ,praise,office,true,ดูดีนะ,draft.praise.011,That looks good.
draft_praise_012,en,0,speaker,Very smooth.,praise,office,true,Very smooth.,draft.praise.012,Very smooth.
draft_praise_012,th,0,speaker,ลื่นไหลมาก,praise,office,true,ลื่นไหลมาก,draft.praise.012,Very smooth.
draft_praise_013,en,0,speaker,Smart choice.,praise,office,true,Smart choice.,draft.praise.013,Smart choice.
draft_praise_013,th,0,speaker,เลือกได้ฉลาด,praise,office,true,เลือกได้ฉลาด,draft.praise.013,Smart choice.
draft_praise_014,en,0,speaker,Solid plan.,praise,office,true,Solid plan.,draft.praise.014,Solid plan.
draft_praise_014,th,0,speaker,แผนแน่นดี,praise,office,true,แผนแน่นดี,draft.praise.014,Solid plan.
draft_praise_015,en,0,speaker,Great save!,praise,office,true,Great save!,draft.praise.015,Great save!
draft_praise_015,th,0,speaker,แก้สถานการณ์เก่ง!,praise,office,false,แก้สถานการณ์เก่ง!,draft.praise.015,Great save!
draft_praise_016,en,0,speaker,Sharp catch!,praise,office,true,Sharp catch!,draft.praise.016,Sharp catch!
draft_praise_016,th,0,speaker,จับจุดได้คม!,praise,office,true,จับจุดได้คม!,draft.praise.016,Sharp catch!
draft_praise_017,en,0,speaker,Nice touch!,praise,office,true,Nice touch!,draft.praise.017,Nice touch!
draft_praise_017,th,0,speaker,เติมได้ดี!,praise,office,true,เติมได้ดี!,draft.praise.017,Nice touch!
draft_praise_018,en,0,speaker,Excellent call.,praise,office,true,Excellent call.,draft.praise.018,Excellent call.
draft_praise_018,th,0,speaker,ตัดสินใจเยี่ยม,praise,office,true,ตัดสินใจเยี่ยม,draft.praise.018,Excellent call.
draft_praise_019,en,0,speaker,Lovely balance.,praise,office,false,Lovely balance.,draft.praise.019,Lovely balance.
draft_praise_019,th,0,speaker,สมดุลดีย์,praise,office,true,สมดุลดีย์,draft.praise.019,Lovely balance.
draft_praise_020,en,0,speaker,Clean layout.,praise,office,true,Clean layout.,draft.praise.020,Clean layout.
draft_praise_020,th,0,speaker,จัดวางดี,praise,office,true,จัดวางดี,draft.praise.020,Clean layout.
draft_praise_021,en,0,speaker,Strong concept.,praise,office,false,Strong concept.,draft.praise.021,Strong concept.
draft_praise_021,th,0,speaker,คอนเซปต์แข็งแรง,praise,office,false,คอนเซปต์แข็งแรง,draft.praise.021,Strong concept.
draft_praise_022,en,0,speaker,Great teamwork.,praise,office,false,Great teamwork.,draft.praise.022,Great teamwork.
draft_praise_022,th,0,speaker,ทำงานเป็นทีมดีมาก,praise,office,false,ทำงานเป็นทีมดีมาก,draft.praise.022,Great teamwork.
draft_praise_023,en,0,speaker,Clear answer.,praise,office,true,Clear answer.,draft.praise.023,Clear answer.
draft_praise_023,th,0,speaker,ตอบได้ชัด,praise,office,true,ตอบได้ชัด,draft.praise.023,Clear answer.
draft_praise_024,en,0,speaker,Good progress.,praise,office,true,Good progress.,draft.praise.024,Good progress.
draft_praise_024,th,0,speaker,คืบหน้าดี,praise,office,true,คืบหน้าดี,draft.praise.024,Good progress.
draft_praise_025,en,0,speaker,Great patience.,praise,office,false,Great patience.,draft.praise.025,Great patience.
draft_praise_025,th,0,speaker,อดทนได้เยี่ยม,praise,office,true,อดทนได้เยี่ยม,draft.praise.025,Great patience.
draft_praise_026,en,0,speaker,That was kind.,praise,office,true,That was kind.,draft.praise.026,That was kind.
draft_praise_026,th,0,speaker,ใจดีมาก,praise,office,true,ใจดีมาก,draft.praise.026,That was kind.
draft_praise_027,en,0,speaker,Very thoughtful.,praise,office,false,Very thoughtful.,draft.praise.027,Very thoughtful.
draft_praise_027,th,0,speaker,ใส่ใจมาก,praise,office,true,ใส่ใจมาก,draft.praise.027,Very thoughtful.
draft_praise_028,en,0,speaker,Good comeback!,praise,office,false,Good comeback!,draft.praise.028,Good comeback!
draft_praise_028,th,0,speaker,กู้สถานการณ์เก่ง!,praise,office,false,กู้สถานการณ์เก่ง!,draft.praise.028,Good comeback!
draft_praise_029,en,0,speaker,Good instinct.,praise,office,true,Good instinct.,draft.praise.029,Good instinct.
draft_praise_029,th,0,speaker,เซนส์ดีมาก,praise,office,true,เซนส์ดีมาก,draft.praise.029,Good instinct.
draft_praise_030,en,0,speaker,Neat solution.,praise,office,true,Neat solution.,draft.praise.030,Neat solution.
draft_praise_030,th,0,speaker,วิธีแก้เรียบร้อย,praise,office,true,วิธีแก้เรียบร้อย,draft.praise.030,Neat solution.
draft_praise_031,en,0,speaker,Good rhythm.,praise,office,true,Good rhythm.,draft.praise.031,Good rhythm.
draft_praise_031,th,0,speaker,จังหวะดี,praise,office,true,จังหวะดี,draft.praise.031,Good rhythm.
draft_praise_032,en,0,speaker,Bright idea.,praise,office,true,Bright idea.,draft.praise.032,Bright idea.
draft_praise_032,th,0,speaker,ไอเดียสดใส,praise,office,true,ไอเดียสดใส,draft.praise.032,Bright idea.
draft_praise_033,en,0,speaker,Perfect fit.,praise,office,true,Perfect fit.,draft.praise.033,Perfect fit.
draft_praise_033,th,0,speaker,เข้ากันพอดี,praise,office,true,เข้ากันพอดี,draft.praise.033,Perfect fit.
draft_praise_034,en,0,speaker,Good question.,praise,office,true,Good question.,draft.praise.034,Good question.
draft_praise_034,th,0,speaker,คำถามดี,praise,office,true,คำถามดี,draft.praise.034,Good question.
draft_praise_035,en,0,speaker,Clear note.,praise,office,true,Clear note.,draft.praise.035,Clear note.
draft_praise_035,th,0,speaker,โน้ตชัดเจน,praise,office,true,โน้ตชัดเจน,draft.praise.035,Clear note.
draft_praise_036,en,0,speaker,Great focus!,praise,office,true,Great focus!,draft.praise.036,Great focus!
draft_praise_036,th,0,speaker,โฟกัสดีมาก!,praise,office,true,โฟกัสดีมาก!,draft.praise.036,Great focus!
draft_praise_037,en,0,speaker,Steady hands.,praise,office,true,Steady hands.,draft.praise.037,Steady hands.
draft_praise_037,th,0,speaker,มือมั่นคงดี,praise,office,true,มือมั่นคงดี,draft.praise.037,Steady hands.
draft_praise_038,en,0,speaker,Good restraint.,praise,office,true,Good restraint.,draft.praise.038,Good restraint.
draft_praise_038,th,0,speaker,รู้จักยั้งดี,praise,office,true,รู้จักยั้งดี,draft.praise.038,Good restraint.
draft_praise_039,en,0,speaker,Strong start.,praise,office,true,Strong start.,draft.praise.039,Strong start.
draft_praise_039,th,0,speaker,เริ่มได้ดี,praise,office,true,เริ่มได้ดี,draft.praise.039,Strong start.
draft_praise_040,en,0,speaker,Nice finish.,praise,office,true,Nice finish.,draft.praise.040,Nice finish.
draft_praise_040,th,0,speaker,จบได้สวย,praise,office,true,จบได้สวย,draft.praise.040,Nice finish.
draft_praise_041,en,0,speaker,Very capable.,praise,office,true,Very capable.,draft.praise.041,Very capable.
draft_praise_041,th,0,speaker,เจ๋งมาก,praise,office,true,เจ๋งมาก,draft.praise.041,Very capable.
draft_praise_042,en,0,speaker,That helped.,praise,office,true,That helped.,draft.praise.042,That helped.
draft_praise_042,th,0,speaker,มีประโยชน์มาก,praise,office,true,มีประโยชน์มาก,draft.praise.042,That helped.
draft_praise_043,en,0,speaker,Good judgment.,praise,office,false,Good judgment.,draft.praise.043,Good judgment.
draft_praise_043,th,0,speaker,ตัดสินใจดี,praise,office,true,ตัดสินใจดี,draft.praise.043,Good judgment.
draft_praise_044,en,0,speaker,Nice teamwork.,praise,office,false,Nice teamwork.,draft.praise.044,Nice teamwork.
draft_praise_044,th,0,speaker,ร่วมมือดี,praise,office,true,ร่วมมือดี,draft.praise.044,Nice teamwork.
draft_praise_045,en,0,speaker,Great detail.,praise,office,true,Great detail.,draft.praise.045,Great detail.
draft_praise_045,th,0,speaker,เก็บรายละเอียดดี,praise,office,false,เก็บรายละเอียดดี,draft.praise.045,Great detail.
draft_praise_046,en,0,speaker,Clean handoff.,praise,office,true,Clean handoff.,draft.praise.046,Clean handoff.
draft_praise_046,th,0,speaker,ส่งต่องานเรียบร้อย,praise,office,false,ส่งต่องานเรียบร้อย,draft.praise.046,Clean handoff.
draft_praise_047,en,0,speaker,That works well.,praise,office,false,That works well.,draft.praise.047,That works well.
draft_praise_047,th,0,speaker,ใช้ได้ดีมาก,praise,office,true,ใช้ได้ดีมาก,draft.praise.047,That works well.
draft_praise_048,en,0,speaker,Top marks!,praise,office,true,Top marks!,draft.praise.048,Top marks!
draft_praise_048,th,0,speaker,ให้คะแนนเต็ม!,praise,office,true,ให้คะแนนเต็ม!,draft.praise.048,Top marks!
draft_praise_049,en,0,speaker,Impressive!,praise,office,true,Impressive!,draft.praise.049,Impressive!
draft_praise_049,th,0,speaker,น่าประทับใจ!,praise,office,true,น่าประทับใจ!,draft.praise.049,Impressive!
draft_praise_050,en,0,speaker,You nailed it!,praise,office,true,You nailed it!,draft.praise.050,You nailed it!
draft_praise_050,th,0,speaker,ทำได้เป๊ะเลย!,praise,office,true,ทำได้เป๊ะเลย!,draft.praise.050,You nailed it!
draft_work_start_001,en,0,speaker,Let's begin.,work_start,office,true,Let's begin.,draft.work_start.001,Let's begin.
draft_work_start_001,th,0,speaker,เริ่มงานกัน,work_start,office,true,เริ่มงานกัน,draft.work_start.001,Let's begin.
draft_work_start_002,en,0,speaker,Start now.,work_start,office,true,Start now.,draft.work_start.002,Start now.
draft_work_start_002,th,0,speaker,เริ่มแล้วนะ,work_start,office,true,เริ่มแล้วนะ,draft.work_start.002,Start now.
draft_work_start_003,en,0,speaker,Time to work.,work_start,office,true,Time to work.,draft.work_start.003,Time to work.
draft_work_start_003,th,0,speaker,ได้เวลาทำงาน,work_start,office,true,ได้เวลาทำงาน,draft.work_start.003,Time to work.
draft_work_start_004,en,0,speaker,First task.,work_start,office,true,First task.,draft.work_start.004,First task.
draft_work_start_004,th,0,speaker,งานแรก,work_start,office,true,งานแรก,draft.work_start.004,First task.
draft_work_start_005,en,0,speaker,Open the file.,work_start,office,true,Open the file.,draft.work_start.005,Open the file.
draft_work_start_005,th,0,speaker,เปิดไฟล์,work_start,office,true,เปิดไฟล์,draft.work_start.005,Open the file.
draft_work_start_006,en,0,speaker,Check the board.,work_start,office,false,Check the board.,draft.work_start.006,Check the board.
draft_work_start_006,th,0,speaker,เช็กกระดาน,work_start,office,true,เช็กกระดาน,draft.work_start.006,Check the board.
draft_work_start_007,en,0,speaker,Clear the desk.,work_start,office,false,Clear the desk.,draft.work_start.007,Clear the desk.
draft_work_start_007,th,0,speaker,เคลียร์โต๊ะ,work_start,office,true,เคลียร์โต๊ะ,draft.work_start.007,Clear the desk.
draft_work_start_008,en,0,speaker,Start the timer.,work_start,office,false,Start the timer.,draft.work_start.008,Start the timer.
draft_work_start_008,th,0,speaker,เริ่มจับเวลา,work_start,office,true,เริ่มจับเวลา,draft.work_start.008,Start the timer.
draft_work_start_009,en,0,speaker,Ready the tools.,work_start,office,false,Ready the tools.,draft.work_start.009,Ready the tools.
draft_work_start_009,th,0,speaker,เตรียมเครื่องมือ,work_start,office,true,เตรียมเครื่องมือ,draft.work_start.009,Ready the tools.
draft_work_start_010,en,0,speaker,Mark the goal.,work_start,office,true,Mark the goal.,draft.work_start.010,Mark the goal.
draft_work_start_010,th,0,speaker,กำหนดเป้าหมาย,work_start,office,true,กำหนดเป้าหมาย,draft.work_start.010,Mark the goal.
draft_work_start_011,en,0,speaker,Pick a task.,work_start,office,true,Pick a task.,draft.work_start.011,Pick a task.
draft_work_start_011,th,0,speaker,เลือกงาน,work_start,office,true,เลือกงาน,draft.work_start.011,Pick a task.
draft_work_start_012,en,0,speaker,Make a list.,work_start,office,true,Make a list.,draft.work_start.012,Make a list.
draft_work_start_012,th,0,speaker,ทำรายการ,work_start,office,true,ทำรายการ,draft.work_start.012,Make a list.
draft_work_start_013,en,0,speaker,Set the order.,work_start,office,true,Set the order.,draft.work_start.013,Set the order.
draft_work_start_013,th,0,speaker,จัดลำดับ,work_start,office,true,จัดลำดับ,draft.work_start.013,Set the order.
draft_work_start_014,en,0,speaker,Read the brief.,work_start,office,true,Read the brief.,draft.work_start.014,Read the brief.
draft_work_start_014,th,0,speaker,อ่านบรีฟ,work_start,office,true,อ่านบรีฟ,draft.work_start.014,Read the brief.
draft_work_start_015,en,0,speaker,Gather the notes.,work_start,office,false,Gather the notes.,draft.work_start.015,Gather the notes.
draft_work_start_015,th,0,speaker,รวบรวมโน้ต,work_start,office,true,รวบรวมโน้ต,draft.work_start.015,Gather the notes.
draft_work_start_016,en,0,speaker,Open the plan.,work_start,office,true,Open the plan.,draft.work_start.016,Open the plan.
draft_work_start_016,th,0,speaker,เปิดแผนงาน,work_start,office,true,เปิดแผนงาน,draft.work_start.016,Open the plan.
draft_work_start_017,en,0,speaker,Load the data.,work_start,office,true,Load the data.,draft.work_start.017,Load the data.
draft_work_start_017,th,0,speaker,โหลดข้อมูล,work_start,office,true,โหลดข้อมูล,draft.work_start.017,Load the data.
draft_work_start_018,en,0,speaker,Start the test.,work_start,office,true,Start the test.,draft.work_start.018,Start the test.
draft_work_start_018,th,0,speaker,เริ่มทดสอบ,work_start,office,true,เริ่มทดสอบ,draft.work_start.018,Start the test.
draft_work_start_019,en,0,speaker,Sketch it out.,work_start,office,true,Sketch it out.,draft.work_start.019,Sketch it out.
draft_work_start_019,th,0,speaker,ร่างภาพก่อน,work_start,office,true,ร่างภาพก่อน,draft.work_start.019,Sketch it out.
draft_work_start_020,en,0,speaker,Draft the answer.,work_start,office,false,Draft the answer.,draft.work_start.020,Draft the answer.
draft_work_start_020,th,0,speaker,ร่างคำตอบ,work_start,office,true,ร่างคำตอบ,draft.work_start.020,Draft the answer.
draft_work_start_021,en,0,speaker,Sort the files.,work_start,office,true,Sort the files.,draft.work_start.021,Sort the files.
draft_work_start_021,th,0,speaker,จัดไฟล์,work_start,office,true,จัดไฟล์,draft.work_start.021,Sort the files.
draft_work_start_022,en,0,speaker,Clear the queue.,work_start,office,false,Clear the queue.,draft.work_start.022,Clear the queue.
draft_work_start_022,th,0,speaker,เคลียร์คิว,work_start,office,true,เคลียร์คิว,draft.work_start.022,Clear the queue.
draft_work_start_023,en,0,speaker,Set the pace.,work_start,office,true,Set the pace.,draft.work_start.023,Set the pace.
draft_work_start_023,th,0,speaker,ตั้งจังหวะ,work_start,office,true,ตั้งจังหวะ,draft.work_start.023,Set the pace.
draft_work_start_024,en,0,speaker,Make a start.,work_start,office,true,Make a start.,draft.work_start.024,Make a start.
draft_work_start_024,th,0,speaker,เริ่มลงมือ,work_start,office,true,เริ่มลงมือ,draft.work_start.024,Make a start.
draft_work_start_025,en,0,speaker,Let's focus.,work_start,office,true,Let's focus.,draft.work_start.025,Let's focus.
draft_work_start_025,th,0,speaker,โฟกัสกัน,work_start,office,true,โฟกัสกัน,draft.work_start.025,Let's focus.
draft_work_start_026,en,0,speaker,Let's get moving.,work_start,office,false,Let's get moving.,draft.work_start.026,Let's get moving.
draft_work_start_026,th,0,speaker,ขยับงานกัน,work_start,office,true,ขยับงานกัน,draft.work_start.026,Let's get moving.
draft_work_start_027,en,0,speaker,On with the plan.,work_start,office,false,On with the plan.,draft.work_start.027,On with the plan.
draft_work_start_027,th,0,speaker,เดินตามแผน,work_start,office,true,เดินตามแผน,draft.work_start.027,On with the plan.
draft_work_start_028,en,0,speaker,One thing first.,work_start,office,false,One thing first.,draft.work_start.028,One thing first.
draft_work_start_028,th,0,speaker,เอาเรื่องแรกก่อน,work_start,office,true,เอาเรื่องแรกก่อน,draft.work_start.028,One thing first.
draft_work_start_029,en,0,speaker,Start with basics.,work_start,office,false,Start with basics.,draft.work_start.029,Start with basics.
draft_work_start_029,th,0,speaker,เริ่มจากพื้นฐาน,work_start,office,true,เริ่มจากพื้นฐาน,draft.work_start.029,Start with basics.
draft_work_start_030,en,0,speaker,Try the simple way.,work_start,office,false,Try the simple way.,draft.work_start.030,Try the simple way.
draft_work_start_030,th,0,speaker,ลองแบบง่ายก่อน,work_start,office,true,ลองแบบง่ายก่อน,draft.work_start.030,Try the simple way.
draft_work_start_031,en,0,speaker,Let's make progress.,work_start,office,false,Let's make progress.,draft.work_start.031,Let's make progress.
draft_work_start_031,th,0,speaker,มาทำให้คืบหน้า,work_start,office,true,มาทำให้คืบหน้า,draft.work_start.031,Let's make progress.
draft_work_start_032,en,0,speaker,Open the checklist.,work_start,office,false,Open the checklist.,draft.work_start.032,Open the checklist.
draft_work_start_032,th,0,speaker,เปิดเช็กลิสต์,work_start,office,true,เปิดเช็กลิสต์,draft.work_start.032,Open the checklist.
draft_work_start_033,en,0,speaker,Set a checkpoint.,work_start,office,false,Set a checkpoint.,draft.work_start.033,Set a checkpoint.
draft_work_start_033,th,0,speaker,ตั้งจุดตรวจ,work_start,office,true,ตั้งจุดตรวจ,draft.work_start.033,Set a checkpoint.
draft_work_start_034,en,0,speaker,Choose the route.,work_start,office,false,Choose the route.,draft.work_start.034,Choose the route.
draft_work_start_034,th,0,speaker,เลือกเส้นทาง,work_start,office,true,เลือกเส้นทาง,draft.work_start.034,Choose the route.
draft_work_start_035,en,0,speaker,Name the goal.,work_start,office,false,Name the goal.,draft.work_start.035,Name the goal.
draft_work_start_035,th,0,speaker,ตั้งชื่อเป้าหมาย,work_start,office,true,ตั้งชื่อเป้าหมาย,draft.work_start.035,Name the goal.
draft_work_start_036,en,0,speaker,Find the blocker.,work_start,office,false,Find the blocker.,draft.work_start.036,Find the blocker.
draft_work_start_036,th,0,speaker,หาตัวติดขัด,work_start,office,true,หาตัวติดขัด,draft.work_start.036,Find the blocker.
draft_work_start_037,en,0,speaker,Start the review.,work_start,office,false,Start the review.,draft.work_start.037,Start the review.
draft_work_start_037,th,0,speaker,เริ่มตรวจงาน,work_start,office,true,เริ่มตรวจงาน,draft.work_start.037,Start the review.
draft_work_start_038,en,0,speaker,Queue the upload.,work_start,office,false,Queue the upload.,draft.work_start.038,Queue the upload.
draft_work_start_038,th,0,speaker,เข้าคิวอัปโหลด,work_start,office,true,เข้าคิวอัปโหลด,draft.work_start.038,Queue the upload.
draft_work_start_039,en,0,speaker,Prep the handoff.,work_start,office,false,Prep the handoff.,draft.work_start.039,Prep the handoff.
draft_work_start_039,th,0,speaker,เตรียมส่งต่องาน,work_start,office,true,เตรียมส่งต่องาน,draft.work_start.039,Prep the handoff.
draft_work_start_040,en,0,speaker,Let's tackle it.,work_start,office,true,Let's tackle it.,draft.work_start.040,Let's tackle it.
draft_work_start_040,th,0,speaker,มาลุยเลย,work_start,office,true,มาลุยเลย,draft.work_start.040,Let's tackle it.
draft_work_start_041,en,0,speaker,Put me on it.,work_start,office,true,Put me on it.,draft.work_start.041,Put me on it.
draft_work_start_041,th,0,speaker,ให้ฉันจัดการ,work_start,office,true,ให้ฉันจัดการ,draft.work_start.041,Put me on it.
draft_work_start_042,en,0,speaker,I've got this.,work_start,office,true,I've got this.,draft.work_start.042,I've got this.
draft_work_start_042,th,0,speaker,ฉันจัดการได้,work_start,office,true,ฉันจัดการได้,draft.work_start.042,I've got this.
draft_work_start_043,en,0,speaker,Let's make it real.,work_start,office,false,Let's make it real.,draft.work_start.043,Let's make it real.
draft_work_start_043,th,0,speaker,ทำให้เป็นจริงกัน,work_start,office,true,ทำให้เป็นจริงกัน,draft.work_start.043,Let's make it real.
draft_work_start_044,en,0,speaker,Turn the key.,work_start,office,true,Turn the key.,draft.work_start.044,Turn the key.
draft_work_start_044,th,0,speaker,บิดกุญแจกัน,work_start,office,true,บิดกุญแจกัน,draft.work_start.044,Turn the key.
draft_work_start_045,en,0,speaker,"Lights, work, go!",work_start,office,false,"Lights, work, go!",draft.work_start.045,"Lights, work, go!"
draft_work_start_045,th,0,speaker,ไฟพร้อม งานเริ่ม!,work_start,office,false,ไฟพร้อม งานเริ่ม!,draft.work_start.045,"Lights, work, go!"
draft_work_start_046,en,0,speaker,First step taken.,work_start,office,false,First step taken.,draft.work_start.046,First step taken.
draft_work_start_046,th,0,speaker,ก้าวแรกแล้ว,work_start,office,true,ก้าวแรกแล้ว,draft.work_start.046,First step taken.
draft_work_start_047,en,0,speaker,Let's roll.,work_start,office,true,Let's roll.,draft.work_start.047,Let's roll.
draft_work_start_047,th,0,speaker,ลุยกัน,work_start,office,true,ลุยกัน,draft.work_start.047,Let's roll.
draft_work_start_048,en,0,speaker,Start the clock.,work_start,office,false,Start the clock.,draft.work_start.048,Start the clock.
draft_work_start_048,th,0,speaker,เริ่มนาฬิกา,work_start,office,true,เริ่มนาฬิกา,draft.work_start.048,Start the clock.
draft_work_start_049,en,0,speaker,Let's move.,work_start,office,true,Let's move.,draft.work_start.049,Let's move.
draft_work_start_049,th,0,speaker,ลุยงานกัน,work_start,office,true,ลุยงานกัน,draft.work_start.049,Let's move.
draft_work_start_050,en,0,speaker,Begin!,work_start,office,true,Begin!,draft.work_start.050,Begin!
draft_work_start_050,th,0,speaker,เริ่ม!,work_start,office,true,เริ่ม!,draft.work_start.050,Begin!
draft_work_progress_001,en,0,speaker,Making progress.,work_progress,office,false,Making progress.,draft.work_progress.001,Making progress.
draft_work_progress_001,th,0,speaker,กำลังคืบหน้า,work_progress,office,true,กำลังคืบหน้า,draft.work_progress.001,Making progress.
draft_work_progress_002,en,0,speaker,Bit by bit.,work_progress,office,true,Bit by bit.,draft.work_progress.002,Bit by bit.
draft_work_progress_002,th,0,speaker,ทีละนิด,work_progress,office,true,ทีละนิด,draft.work_progress.002,Bit by bit.
draft_work_progress_003,en,0,speaker,Still moving.,work_progress,office,true,Still moving.,draft.work_progress.003,Still moving.
draft_work_progress_003,th,0,speaker,ยังเดินหน้า,work_progress,office,true,ยังเดินหน้า,draft.work_progress.003,Still moving.
draft_work_progress_004,en,0,speaker,Coming together.,work_progress,office,false,Coming together.,draft.work_progress.004,Coming together.
draft_work_progress_004,th,0,speaker,เริ่มลงตัว,work_progress,office,true,เริ่มลงตัว,draft.work_progress.004,Coming together.
draft_work_progress_005,en,0,speaker,Taking shape.,work_progress,office,true,Taking shape.,draft.work_progress.005,Taking shape.
draft_work_progress_005,th,0,speaker,เริ่มเป็นรูปเป็นร่าง,work_progress,office,false,เริ่มเป็นรูปเป็นร่าง,draft.work_progress.005,Taking shape.
draft_work_progress_006,en,0,speaker,On the right track.,work_progress,office,false,On the right track.,draft.work_progress.006,On the right track.
draft_work_progress_006,th,0,speaker,มาถูกทาง,work_progress,office,true,มาถูกทาง,draft.work_progress.006,On the right track.
draft_work_progress_007,en,0,speaker,Getting warmer.,work_progress,office,false,Getting warmer.,draft.work_progress.007,Getting warmer.
draft_work_progress_007,th,0,speaker,ใกล้ขึ้นแล้ว,work_progress,office,true,ใกล้ขึ้นแล้ว,draft.work_progress.007,Getting warmer.
draft_work_progress_008,en,0,speaker,Almost aligned.,work_progress,office,false,Almost aligned.,draft.work_progress.008,Almost aligned.
draft_work_progress_008,th,0,speaker,เกือบเข้าที่,work_progress,office,true,เกือบเข้าที่,draft.work_progress.008,Almost aligned.
draft_work_progress_009,en,0,speaker,One piece fits.,work_progress,office,true,One piece fits.,draft.work_progress.009,One piece fits.
draft_work_progress_009,th,0,speaker,ชิ้นหนึ่งลงตัว,work_progress,office,true,ชิ้นหนึ่งลงตัว,draft.work_progress.009,One piece fits.
draft_work_progress_010,en,0,speaker,Finding the flow.,work_progress,office,false,Finding the flow.,draft.work_progress.010,Finding the flow.
draft_work_progress_010,th,0,speaker,เริ่มไหลลื่น,work_progress,office,true,เริ่มไหลลื่น,draft.work_progress.010,Finding the flow.
draft_work_progress_011,en,0,speaker,Draft is growing.,work_progress,office,false,Draft is growing.,draft.work_progress.011,Draft is growing.
draft_work_progress_011,th,0,speaker,ร่างงานกำลังโต,work_progress,office,true,ร่างงานกำลังโต,draft.work_progress.011,Draft is growing.
draft_work_progress_012,en,0,speaker,Board is filling.,work_progress,office,true,Board is filling.,draft.work_progress.012,Board is filling.
draft_work_progress_012,th,0,speaker,กระดานเริ่มเต็ม,work_progress,office,true,กระดานเริ่มเต็ม,draft.work_progress.012,Board is filling.
draft_work_progress_013,en,0,speaker,Inbox is clearing.,work_progress,office,false,Inbox is clearing.,draft.work_progress.013,Inbox is clearing.
draft_work_progress_013,th,0,speaker,กล่องข้อความเริ่มโล่ง,work_progress,office,false,กล่องข้อความเริ่มโล่ง,draft.work_progress.013,Inbox is clearing.
draft_work_progress_014,en,0,speaker,Files are lining up.,work_progress,office,false,Files are lining up.,draft.work_progress.014,Files are lining up.
draft_work_progress_014,th,0,speaker,ไฟล์เริ่มเข้าที่,work_progress,office,true,ไฟล์เริ่มเข้าที่,draft.work_progress.014,Files are lining up.
draft_work_progress_015,en,0,speaker,Notes are connecting.,work_progress,office,false,Notes are connecting.,draft.work_progress.015,Notes are connecting.
draft_work_progress_015,th,0,speaker,โน้ตเริ่มต่อกัน,work_progress,office,true,โน้ตเริ่มต่อกัน,draft.work_progress.015,Notes are connecting.
draft_work_progress_016,en,0,speaker,Tests reveal clues.,work_progress,office,false,Tests reveal clues.,draft.work_progress.016,Tests reveal clues.
draft_work_progress_016,th,0,speaker,ทดสอบพบเบาะแส,work_progress,office,false,ทดสอบพบเบาะแส,draft.work_progress.016,Tests reveal clues.
draft_work_progress_017,en,0,speaker,Plan is settling.,work_progress,office,false,Plan is settling.,draft.work_progress.017,Plan is settling.
draft_work_progress_017,th,0,speaker,แผนเริ่มนิ่ง,work_progress,office,true,แผนเริ่มนิ่ง,draft.work_progress.017,Plan is settling.
draft_work_progress_018,en,0,speaker,Layout is clearer.,work_progress,office,false,Layout is clearer.,draft.work_progress.018,Layout is clearer.
draft_work_progress_018,th,0,speaker,เลย์เอาต์ชัดขึ้น,work_progress,office,true,เลย์เอาต์ชัดขึ้น,draft.work_progress.018,Layout is clearer.
draft_work_progress_019,en,0,speaker,Numbers are talking.,work_progress,office,false,Numbers are talking.,draft.work_progress.019,Numbers are talking.
draft_work_progress_019,th,0,speaker,ตัวเลขเริ่มบอกทาง,work_progress,office,false,ตัวเลขเริ่มบอกทาง,draft.work_progress.019,Numbers are talking.
draft_work_progress_020,en,0,speaker,Pieces are moving.,work_progress,office,false,Pieces are moving.,draft.work_progress.020,Pieces are moving.
draft_work_progress_020,th,0,speaker,ชิ้นงานกำลังขยับ,work_progress,office,false,ชิ้นงานกำลังขยับ,draft.work_progress.020,Pieces are moving.
draft_work_progress_021,en,0,speaker,One pass done.,work_progress,office,false,One pass done.,draft.work_progress.021,One pass done.
draft_work_progress_021,th,0,speaker,ผ่านหนึ่งรอบแล้ว,work_progress,office,true,ผ่านหนึ่งรอบแล้ว,draft.work_progress.021,One pass done.
draft_work_progress_022,en,0,speaker,Second look helps.,work_progress,office,false,Second look helps.,draft.work_progress.022,Second look helps.
draft_work_progress_022,th,0,speaker,ดูอีกรอบช่วยได้,work_progress,office,true,ดูอีกรอบช่วยได้,draft.work_progress.022,Second look helps.
draft_work_progress_023,en,0,speaker,Small win here.,work_progress,office,false,Small win here.,draft.work_progress.023,Small win here.
draft_work_progress_023,th,0,speaker,ชนะเล็ก ๆ แล้ว,work_progress,office,true,ชนะเล็ก ๆ แล้ว,draft.work_progress.023,Small win here.
draft_work_progress_024,en,0,speaker,That part works.,work_progress,office,false,That part works.,draft.work_progress.024,That part works.
draft_work_progress_024,th,0,speaker,ส่วนนั้นใช้ได้,work_progress,office,true,ส่วนนั้นใช้ได้,draft.work_progress.024,That part works.
draft_work_progress_025,en,0,speaker,This feels better.,work_progress,office,false,This feels better.,draft.work_progress.025,This feels better.
draft_work_progress_025,th,0,speaker,แบบนี้ดีขึ้น,work_progress,office,true,แบบนี้ดีขึ้น,draft.work_progress.025,This feels better.
draft_work_progress_026,en,0,speaker,Less clutter now.,work_progress,office,false,Less clutter now.,draft.work_progress.026,Less clutter now.
draft_work_progress_026,th,0,speaker,รกน้อยลงแล้ว,work_progress,office,true,รกน้อยลงแล้ว,draft.work_progress.026,Less clutter now.
draft_work_progress_027,en,0,speaker,Closer than before.,work_progress,office,false,Closer than before.,draft.work_progress.027,Closer than before.
draft_work_progress_027,th,0,speaker,ใกล้กว่าเดิม,work_progress,office,true,ใกล้กว่าเดิม,draft.work_progress.027,Closer than before.
draft_work_progress_028,en,0,speaker,Steady progress.,work_progress,office,false,Steady progress.,draft.work_progress.028,Steady progress.
draft_work_progress_028,th,0,speaker,คืบหน้าเรื่อย ๆ,work_progress,office,true,คืบหน้าเรื่อย ๆ,draft.work_progress.028,Steady progress.
draft_work_progress_029,en,0,speaker,New clue found.,work_progress,office,false,New clue found.,draft.work_progress.029,New clue found.
draft_work_progress_029,th,0,speaker,เจอเบาะแสใหม่,work_progress,office,true,เจอเบาะแสใหม่,draft.work_progress.029,New clue found.
draft_work_progress_030,en,0,speaker,Next piece ready.,work_progress,office,false,Next piece ready.,draft.work_progress.030,Next piece ready.
draft_work_progress_030,th,0,speaker,ชิ้นถัดไปพร้อม,work_progress,office,true,ชิ้นถัดไปพร้อม,draft.work_progress.030,Next piece ready.
draft_work_progress_031,en,0,speaker,Flow is back.,work_progress,office,true,Flow is back.,draft.work_progress.031,Flow is back.
draft_work_progress_031,th,0,speaker,จังหวะกลับมาแล้ว,work_progress,office,false,จังหวะกลับมาแล้ว,draft.work_progress.031,Flow is back.
draft_work_progress_032,en,0,speaker,Draft feels alive.,work_progress,office,false,Draft feels alive.,draft.work_progress.032,Draft feels alive.
draft_work_progress_032,th,0,speaker,ร่างงานเริ่มมีชีวิต,work_progress,office,true,ร่างงานเริ่มมีชีวิต,draft.work_progress.032,Draft feels alive.
draft_work_progress_033,en,0,speaker,Details are landing.,work_progress,office,false,Details are landing.,draft.work_progress.033,Details are landing.
draft_work_progress_033,th,0,speaker,รายละเอียดเริ่มลงตัว,work_progress,office,false,รายละเอียดเริ่มลงตัว,draft.work_progress.033,Details are landing.
draft_work_progress_034,en,0,speaker,Timing is clearer.,work_progress,office,false,Timing is clearer.,draft.work_progress.034,Timing is clearer.
draft_work_progress_034,th,0,speaker,เวลาเริ่มชัด,work_progress,office,true,เวลาเริ่มชัด,draft.work_progress.034,Timing is clearer.
draft_work_progress_035,en,0,speaker,Queue is shorter.,work_progress,office,false,Queue is shorter.,draft.work_progress.035,Queue is shorter.
draft_work_progress_035,th,0,speaker,คิวสั้นลงแล้ว,work_progress,office,true,คิวสั้นลงแล้ว,draft.work_progress.035,Queue is shorter.
draft_work_progress_036,en,0,speaker,Work is unfolding.,work_progress,office,false,Work is unfolding.,draft.work_progress.036,Work is unfolding.
draft_work_progress_036,th,0,speaker,งานกำลังคลี่คลาย,work_progress,office,false,งานกำลังคลี่คลาย,draft.work_progress.036,Work is unfolding.
draft_work_progress_037,en,0,speaker,Almost in place.,work_progress,office,false,Almost in place.,draft.work_progress.037,Almost in place.
draft_work_progress_037,th,0,speaker,เริ่มเข้าที่,work_progress,office,true,เริ่มเข้าที่,draft.work_progress.037,Almost in place.
draft_work_progress_038,en,0,speaker,Good momentum.,work_progress,office,false,Good momentum.,draft.work_progress.038,Good momentum.
draft_work_progress_038,th,0,speaker,แรงส่งดี,work_progress,office,true,แรงส่งดี,draft.work_progress.038,Good momentum.
draft_work_progress_039,en,0,speaker,Keep the thread.,work_progress,office,false,Keep the thread.,draft.work_progress.039,Keep the thread.
draft_work_progress_039,th,0,speaker,ต่อเนื่องไว้,work_progress,office,true,ต่อเนื่องไว้,draft.work_progress.039,Keep the thread.
draft_work_progress_040,en,0,speaker,Line by line.,work_progress,office,true,Line by line.,draft.work_progress.040,Line by line.
draft_work_progress_040,th,0,speaker,ทีละบรรทัด,work_progress,office,true,ทีละบรรทัด,draft.work_progress.040,Line by line.
draft_work_progress_041,en,0,speaker,Step by step.,work_progress,office,true,Step by step.,draft.work_progress.041,Step by step.
draft_work_progress_041,th,0,speaker,ทีละขั้น,work_progress,office,true,ทีละขั้น,draft.work_progress.041,Step by step.
draft_work_progress_042,en,0,speaker,Still on it.,work_progress,office,true,Still on it.,draft.work_progress.042,Still on it.
draft_work_progress_042,th,0,speaker,ยังทำอยู่,work_progress,office,true,ยังทำอยู่,draft.work_progress.042,Still on it.
draft_work_progress_043,en,0,speaker,Not done yet.,work_progress,office,true,Not done yet.,draft.work_progress.043,Not done yet.
draft_work_progress_043,th,0,speaker,ยังไม่เสร็จ,work_progress,office,true,ยังไม่เสร็จ,draft.work_progress.043,Not done yet.
draft_work_progress_044,en,0,speaker,Getting there.,work_progress,office,true,Getting there.,draft.work_progress.044,Getting there.
draft_work_progress_044,th,0,speaker,ใกล้ถึงแล้ว,work_progress,office,true,ใกล้ถึงแล้ว,draft.work_progress.044,Getting there.
draft_work_progress_045,en,0,speaker,Looking promising.,work_progress,office,false,Looking promising.,draft.work_progress.045,Looking promising.
draft_work_progress_045,th,0,speaker,ดูมีแววดี,work_progress,office,true,ดูมีแววดี,draft.work_progress.045,Looking promising.
draft_work_progress_046,en,0,speaker,Clearer now.,work_progress,office,true,Clearer now.,draft.work_progress.046,Clearer now.
draft_work_progress_046,th,0,speaker,ชัดขึ้นแล้ว,work_progress,office,true,ชัดขึ้นแล้ว,draft.work_progress.046,Clearer now.
draft_work_progress_047,en,0,speaker,Almost smooth.,work_progress,office,false,Almost smooth.,draft.work_progress.047,Almost smooth.
draft_work_progress_047,th,0,speaker,เกือบลื่นแล้ว,work_progress,office,true,เกือบลื่นแล้ว,draft.work_progress.047,Almost smooth.
draft_work_progress_048,en,0,speaker,Progress noted.,work_progress,office,false,Progress noted.,draft.work_progress.048,Progress noted.
draft_work_progress_048,th,0,speaker,บันทึกความคืบหน้าแล้ว,work_progress,office,false,บันทึกความคืบหน้าแล้ว,draft.work_progress.048,Progress noted.
draft_work_progress_049,en,0,speaker,Keep building.,work_progress,office,true,Keep building.,draft.work_progress.049,Keep building.
draft_work_progress_049,th,0,speaker,ต่อเติมต่อไป,work_progress,office,true,ต่อเติมต่อไป,draft.work_progress.049,Keep building.
draft_work_progress_050,en,0,speaker,Almost done.,work_progress,office,true,Almost done.,draft.work_progress.050,Almost done.
draft_work_progress_050,th,0,speaker,เกือบเสร็จแล้ว,work_progress,office,true,เกือบเสร็จแล้ว,draft.work_progress.050,Almost done.
draft_work_complete_001,en,0,speaker,It's done!,work_complete,office,true,It's done!,draft.work_complete.001,It's done!
draft_work_complete_001,th,0,speaker,เรียบร้อย!,work_complete,office,true,เรียบร้อย!,draft.work_complete.001,It's done!
draft_work_complete_002,en,0,speaker,Complete!,work_complete,office,true,Complete!,draft.work_complete.002,Complete!
draft_work_complete_002,th,0,speaker,งานสมบูรณ์!,work_complete,office,true,งานสมบูรณ์!,draft.work_complete.002,Complete!
draft_work_complete_003,en,0,speaker,Ready now!,work_complete,office,true,Ready now!,draft.work_complete.003,Ready now!
draft_work_complete_003,th,0,speaker,พร้อมแล้ว!,work_complete,office,true,พร้อมแล้ว!,draft.work_complete.003,Ready now!
draft_work_complete_004,en,0,speaker,Task complete.,work_complete,office,false,Task complete.,draft.work_complete.004,Task complete.
draft_work_complete_004,th,0,speaker,งานเสร็จแล้ว,work_complete,office,true,งานเสร็จแล้ว,draft.work_complete.004,Task complete.
draft_work_complete_005,en,0,speaker,Wrapped up.,work_complete,office,true,Wrapped up.,draft.work_complete.005,Wrapped up.
draft_work_complete_005,th,0,speaker,ปิดงานแล้ว,work_complete,office,true,ปิดงานแล้ว,draft.work_complete.005,Wrapped up.
draft_work_complete_006,en,0,speaker,Ready to ship.,work_complete,office,true,Ready to ship.,draft.work_complete.006,Ready to ship.
draft_work_complete_006,th,0,speaker,พร้อมส่งแล้ว,work_complete,office,true,พร้อมส่งแล้ว,draft.work_complete.006,Ready to ship.
draft_work_complete_007,en,0,speaker,File is ready.,work_complete,office,true,File is ready.,draft.work_complete.007,File is ready.
draft_work_complete_007,th,0,speaker,ไฟล์พร้อมแล้ว,work_complete,office,true,ไฟล์พร้อมแล้ว,draft.work_complete.007,File is ready.
draft_work_complete_008,en,0,speaker,Board is clear.,work_complete,office,true,Board is clear.,draft.work_complete.008,Board is clear.
draft_work_complete_008,th,0,speaker,กระดานโล่งแล้ว,work_complete,office,true,กระดานโล่งแล้ว,draft.work_complete.008,Board is clear.
draft_work_complete_009,en,0,speaker,Inbox is clear.,work_complete,office,true,Inbox is clear.,draft.work_complete.009,Inbox is clear.
draft_work_complete_009,th,0,speaker,กล่องข้อความโล่งแล้ว,work_complete,office,false,กล่องข้อความโล่งแล้ว,draft.work_complete.009,Inbox is clear.
draft_work_complete_010,en,0,speaker,Test passed.,work_complete,office,true,Test passed.,draft.work_complete.010,Test passed.
draft_work_complete_010,th,0,speaker,ทดสอบผ่านแล้ว,work_complete,office,true,ทดสอบผ่านแล้ว,draft.work_complete.010,Test passed.
draft_work_complete_011,en,0,speaker,Review complete.,work_complete,office,false,Review complete.,draft.work_complete.011,Review complete.
draft_work_complete_011,th,0,speaker,ตรวจเสร็จแล้ว,work_complete,office,true,ตรวจเสร็จแล้ว,draft.work_complete.011,Review complete.
draft_work_complete_012,en,0,speaker,Notes are done.,work_complete,office,false,Notes are done.,draft.work_complete.012,Notes are done.
draft_work_complete_012,th,0,speaker,โน้ตเสร็จแล้ว,work_complete,office,true,โน้ตเสร็จแล้ว,draft.work_complete.012,Notes are done.
draft_work_complete_013,en,0,speaker,Plan is ready.,work_complete,office,true,Plan is ready.,draft.work_complete.013,Plan is ready.
draft_work_complete_013,th,0,speaker,แผนพร้อมแล้ว,work_complete,office,true,แผนพร้อมแล้ว,draft.work_complete.013,Plan is ready.
draft_work_complete_014,en,0,speaker,Draft is done.,work_complete,office,true,Draft is done.,draft.work_complete.014,Draft is done.
draft_work_complete_014,th,0,speaker,ร่างเสร็จแล้ว,work_complete,office,true,ร่างเสร็จแล้ว,draft.work_complete.014,Draft is done.
draft_work_complete_015,en,0,speaker,Upload complete.,work_complete,office,false,Upload complete.,draft.work_complete.015,Upload complete.
draft_work_complete_015,th,0,speaker,อัปโหลดเสร็จแล้ว,work_complete,office,false,อัปโหลดเสร็จแล้ว,draft.work_complete.015,Upload complete.
draft_work_complete_016,en,0,speaker,Handoff is clean.,work_complete,office,false,Handoff is clean.,draft.work_complete.016,Handoff is clean.
draft_work_complete_016,th,0,speaker,ส่งต่องานแล้ว,work_complete,office,true,ส่งต่องานแล้ว,draft.work_complete.016,Handoff is clean.
draft_work_complete_017,en,0,speaker,Goal reached.,work_complete,office,true,Goal reached.,draft.work_complete.017,Goal reached.
draft_work_complete_017,th,0,speaker,ถึงเป้าหมายแล้ว,work_complete,office,true,ถึงเป้าหมายแล้ว,draft.work_complete.017,Goal reached.
draft_work_complete_018,en,0,speaker,Last step done.,work_complete,office,false,Last step done.,draft.work_complete.018,Last step done.
draft_work_complete_018,th,0,speaker,ก้าวสุดท้ายเสร็จ,work_complete,office,true,ก้าวสุดท้ายเสร็จ,draft.work_complete.018,Last step done.
draft_work_complete_019,en,0,speaker,That covers it.,work_complete,office,true,That covers it.,draft.work_complete.019,That covers it.
draft_work_complete_019,th,0,speaker,ครบแล้ว,work_complete,office,true,ครบแล้ว,draft.work_complete.019,That covers it.
draft_work_complete_020,en,0,speaker,Nothing left.,work_complete,office,true,Nothing left.,draft.work_complete.020,Nothing left.
draft_work_complete_020,th,0,speaker,ไม่เหลือแล้ว,work_complete,office,true,ไม่เหลือแล้ว,draft.work_complete.020,Nothing left.
draft_work_complete_021,en,0,speaker,Close enough.,work_complete,office,true,Close enough.,draft.work_complete.021,Close enough.
draft_work_complete_021,th,0,speaker,พอใช้ได้แล้ว,work_complete,office,true,พอใช้ได้แล้ว,draft.work_complete.021,Close enough.
draft_work_complete_022,en,0,speaker,Good to go.,work_complete,office,true,Good to go.,draft.work_complete.022,Good to go.
draft_work_complete_022,th,0,speaker,พร้อมลุยแล้ว,work_complete,office,true,พร้อมลุยแล้ว,draft.work_complete.022,Good to go.
draft_work_complete_023,en,0,speaker,Signed off.,work_complete,office,true,Signed off.,draft.work_complete.023,Signed off.
draft_work_complete_023,th,0,speaker,อนุมัติแล้ว,work_complete,office,true,อนุมัติแล้ว,draft.work_complete.023,Signed off.
draft_work_complete_024,en,0,speaker,Checked and clear.,work_complete,office,false,Checked and clear.,draft.work_complete.024,Checked and clear.
draft_work_complete_024,th,0,speaker,เช็กแล้วเรียบร้อย,work_complete,office,false,เช็กแล้วเรียบร้อย,draft.work_complete.024,Checked and clear.
draft_work_complete_025,en,0,speaker,Saved and safe.,work_complete,office,false,Saved and safe.,draft.work_complete.025,Saved and safe.
draft_work_complete_025,th,0,speaker,บันทึกและปลอดภัย,work_complete,office,false,บันทึกและปลอดภัย,draft.work_complete.025,Saved and safe.
draft_work_complete_026,en,0,speaker,Ready for review.,work_complete,office,false,Ready for review.,draft.work_complete.026,Ready for review.
draft_work_complete_026,th,0,speaker,พร้อมตรวจแล้ว,work_complete,office,true,พร้อมตรวจแล้ว,draft.work_complete.026,Ready for review.
draft_work_complete_027,en,0,speaker,Ready for launch.,work_complete,office,false,Ready for launch.,draft.work_complete.027,Ready for launch.
draft_work_complete_027,th,0,speaker,พร้อมเปิดตัว,work_complete,office,true,พร้อมเปิดตัว,draft.work_complete.027,Ready for launch.
draft_work_complete_028,en,0,speaker,Results are in.,work_complete,office,true,Results are in.,draft.work_complete.028,Results are in.
draft_work_complete_028,th,0,speaker,ผลลัพธ์ออกแล้ว,work_complete,office,true,ผลลัพธ์ออกแล้ว,draft.work_complete.028,Results are in.
draft_work_complete_029,en,0,speaker,Pass on first try.,work_complete,office,false,Pass on first try.,draft.work_complete.029,Pass on first try.
draft_work_complete_029,th,0,speaker,ผ่านครั้งแรก,work_complete,office,true,ผ่านครั้งแรก,draft.work_complete.029,Pass on first try.
draft_work_complete_030,en,0,speaker,Clean finish.,work_complete,office,true,Clean finish.,draft.work_complete.030,Clean finish.
draft_work_complete_030,th,0,speaker,จบเรียบร้อย,work_complete,office,true,จบเรียบร้อย,draft.work_complete.030,Clean finish.
draft_work_complete_031,en,0,speaker,Case closed.,work_complete,office,true,Case closed.,draft.work_complete.031,Case closed.
draft_work_complete_031,th,0,speaker,ปิดเรื่องแล้ว,work_complete,office,true,ปิดเรื่องแล้ว,draft.work_complete.031,Case closed.
draft_work_complete_032,en,0,speaker,Loop closed.,work_complete,office,true,Loop closed.,draft.work_complete.032,Loop closed.
draft_work_complete_032,th,0,speaker,ปิดงานครบวงจร,work_complete,office,true,ปิดงานครบวงจร,draft.work_complete.032,Loop closed.
draft_work_complete_033,en,0,speaker,Final version.,work_complete,office,true,Final version.,draft.work_complete.033,Final version.
draft_work_complete_033,th,0,speaker,เวอร์ชันสุดท้าย,work_complete,office,true,เวอร์ชันสุดท้าย,draft.work_complete.033,Final version.
draft_work_complete_034,en,0,speaker,One less thing.,work_complete,office,true,One less thing.,draft.work_complete.034,One less thing.
draft_work_complete_034,th,0,speaker,หมดไปอีกหนึ่งเรื่อง,work_complete,office,false,หมดไปอีกหนึ่งเรื่อง,draft.work_complete.034,One less thing.
draft_work_complete_035,en,0,speaker,That's a wrap.,work_complete,office,true,That's a wrap.,draft.work_complete.035,That's a wrap.
draft_work_complete_035,th,0,speaker,จบสวยแล้ว,work_complete,office,true,จบสวยแล้ว,draft.work_complete.035,That's a wrap.
draft_work_complete_036,en,0,speaker,Done and dusted.,work_complete,office,false,Done and dusted.,draft.work_complete.036,Done and dusted.
draft_work_complete_036,th,0,speaker,เสร็จเรียบร้อย,work_complete,office,true,เสร็จเรียบร้อย,draft.work_complete.036,Done and dusted.
draft_work_complete_037,en,0,speaker,Mission complete.,work_complete,office,false,Mission complete.,draft.work_complete.037,Mission complete.
draft_work_complete_037,th,0,speaker,ภารกิจสำเร็จ,work_complete,office,true,ภารกิจสำเร็จ,draft.work_complete.037,Mission complete.
draft_work_complete_038,en,0,speaker,Mark it done.,work_complete,office,true,Mark it done.,draft.work_complete.038,Mark it done.
draft_work_complete_038,th,0,speaker,ทำเครื่องหมายว่าเสร็จ,work_complete,office,false,ทำเครื่องหมายว่าเสร็จ,draft.work_complete.038,Mark it done.
draft_work_complete_039,en,0,speaker,Crossed it off.,work_complete,office,true,Crossed it off.,draft.work_complete.039,Crossed it off.
draft_work_complete_039,th,0,speaker,ขีดออกแล้ว,work_complete,office,true,ขีดออกแล้ว,draft.work_complete.039,Crossed it off.
draft_work_complete_040,en,0,speaker,Ready for handoff.,work_complete,office,false,Ready for handoff.,draft.work_complete.040,Ready for handoff.
draft_work_complete_040,th,0,speaker,พร้อมส่งต่อ,work_complete,office,true,พร้อมส่งต่อ,draft.work_complete.040,Ready for handoff.
draft_work_complete_041,en,0,speaker,Ready for use.,work_complete,office,true,Ready for use.,draft.work_complete.041,Ready for use.
draft_work_complete_041,th,0,speaker,พร้อมใช้งาน,work_complete,office,true,พร้อมใช้งาน,draft.work_complete.041,Ready for use.
draft_work_complete_042,en,0,speaker,Final check passed.,work_complete,office,false,Final check passed.,draft.work_complete.042,Final check passed.
draft_work_complete_042,th,0,speaker,ตรวจสุดท้ายผ่าน,work_complete,office,false,ตรวจสุดท้ายผ่าน,draft.work_complete.042,Final check passed.
draft_work_complete_043,en,0,speaker,All boxes checked.,work_complete,office,false,All boxes checked.,draft.work_complete.043,All boxes checked.
draft_work_complete_043,th,0,speaker,เช็กครบทุกช่อง,work_complete,office,true,เช็กครบทุกช่อง,draft.work_complete.043,All boxes checked.
draft_work_complete_044,en,0,speaker,Work delivered.,work_complete,office,false,Work delivered.,draft.work_complete.044,Work delivered.
draft_work_complete_044,th,0,speaker,ส่งมอบงานแล้ว,work_complete,office,true,ส่งมอบงานแล้ว,draft.work_complete.044,Work delivered.
draft_work_complete_045,en,0,speaker,End of task.,work_complete,office,true,End of task.,draft.work_complete.045,End of task.
draft_work_complete_045,th,0,speaker,จบงาน,work_complete,office,true,จบงาน,draft.work_complete.045,End of task.
draft_work_complete_046,en,0,speaker,Finished cleanly.,work_complete,office,false,Finished cleanly.,draft.work_complete.046,Finished cleanly.
draft_work_complete_046,th,0,speaker,เสร็จอย่างเรียบร้อย,work_complete,office,false,เสร็จอย่างเรียบร้อย,draft.work_complete.046,Finished cleanly.
draft_work_complete_047,en,0,speaker,That will do.,work_complete,office,true,That will do.,draft.work_complete.047,That will do.
draft_work_complete_047,th,0,speaker,พอแล้วล่ะ,work_complete,office,true,พอแล้วล่ะ,draft.work_complete.047,That will do.
draft_work_complete_048,en,0,speaker,Good enough.,work_complete,office,true,Good enough.,draft.work_complete.048,Good enough.
draft_work_complete_048,th,0,speaker,ดีพอแล้ว,work_complete,office,true,ดีพอแล้ว,draft.work_complete.048,Good enough.
draft_work_complete_049,en,0,speaker,Done for today.,work_complete,office,false,Done for today.,draft.work_complete.049,Done for today.
draft_work_complete_049,th,0,speaker,วันนี้พอแค่นี้,work_complete,office,true,วันนี้พอแค่นี้,draft.work_complete.049,Done for today.
draft_work_complete_050,en,0,speaker,Task signed off.,work_complete,office,false,Task signed off.,draft.work_complete.050,Task signed off.
draft_work_complete_050,th,0,speaker,งานรับรองแล้ว,work_complete,office,true,งานรับรองแล้ว,draft.work_complete.050,Task signed off.
draft_celebration_001,en,0,speaker,Hooray!,celebration,office,true,Hooray!,draft.celebration.001,Hooray!
draft_celebration_001,th,0,speaker,ไชโย!,celebration,office,true,ไชโย!,draft.celebration.001,Hooray!
draft_celebration_002,en,0,speaker,We did it!,celebration,office,true,We did it!,draft.celebration.002,We did it!
draft_celebration_002,th,0,speaker,เราทำได้แล้ว!,celebration,office,true,เราทำได้แล้ว!,draft.celebration.002,We did it!
draft_celebration_003,en,0,speaker,Big win!,celebration,office,true,Big win!,draft.celebration.003,Big win!
draft_celebration_003,th,0,speaker,ชนะครั้งใหญ่!,celebration,office,true,ชนะครั้งใหญ่!,draft.celebration.003,Big win!
draft_celebration_004,en,0,speaker,Great!,celebration,office,true,Great!,draft.celebration.004,Great!
draft_celebration_004,th,0,speaker,เฮกันเลย!,celebration,office,true,เฮกันเลย!,draft.celebration.004,Great!
draft_celebration_005,en,0,speaker,Great news!,celebration,office,true,Great news!,draft.celebration.005,Great news!
draft_celebration_005,th,0,speaker,ข่าวดี!,celebration,office,true,ข่าวดี!,draft.celebration.005,Great news!
draft_celebration_006,en,0,speaker,Cheers!,celebration,office,true,Cheers!,draft.celebration.006,Cheers!
draft_celebration_006,th,0,speaker,ชนแก้ว!,celebration,office,true,ชนแก้ว!,draft.celebration.006,Cheers!
draft_celebration_007,en,0,speaker,High five!,celebration,office,true,High five!,draft.celebration.007,High five!
draft_celebration_007,th,0,speaker,ไฮไฟว์!,celebration,office,true,ไฮไฟว์!,draft.celebration.007,High five!
draft_celebration_008,en,0,speaker,Victory!,celebration,office,true,Victory!,draft.celebration.008,Victory!
draft_celebration_008,th,0,speaker,ชัยชนะ!,celebration,office,true,ชัยชนะ!,draft.celebration.008,Victory!
draft_celebration_009,en,0,speaker,Milestone!,celebration,office,true,Milestone!,draft.celebration.009,Milestone!
draft_celebration_009,th,0,speaker,ผ่านหมุดหมาย!,celebration,office,true,ผ่านหมุดหมาย!,draft.celebration.009,Milestone!
draft_celebration_010,en,0,speaker,Green light!,celebration,office,true,Green light!,draft.celebration.010,Green light!
draft_celebration_010,th,0,speaker,ไฟเขียวแล้ว!,celebration,office,true,ไฟเขียวแล้ว!,draft.celebration.010,Green light!
draft_celebration_011,en,0,speaker,Approved!,celebration,office,true,Approved!,draft.celebration.011,Approved!
draft_celebration_011,th,0,speaker,ผ่านอนุมัติแล้ว!,celebration,office,true,ผ่านอนุมัติแล้ว!,draft.celebration.011,Approved!
draft_celebration_012,en,0,speaker,Launch time!,celebration,office,true,Launch time!,draft.celebration.012,Launch time!
draft_celebration_012,th,0,speaker,ได้เวลาเปิดตัว!,celebration,office,true,ได้เวลาเปิดตัว!,draft.celebration.012,Launch time!
draft_celebration_013,en,0,speaker,Scored!,celebration,office,true,Scored!,draft.celebration.013,Scored!
draft_celebration_013,th,0,speaker,ทำแต้มแล้ว!,celebration,office,true,ทำแต้มแล้ว!,draft.celebration.013,Scored!
draft_celebration_014,en,0,speaker,That landed!,celebration,office,true,That landed!,draft.celebration.014,That landed!
draft_celebration_014,th,0,speaker,ทำได้แล้ว!,celebration,office,true,ทำได้แล้ว!,draft.celebration.014,That landed!
draft_celebration_015,en,0,speaker,First pass!,celebration,office,true,First pass!,draft.celebration.015,First pass!
draft_celebration_015,th,0,speaker,ชนะตั้งแต่ลองแรก!,celebration,office,false,ชนะตั้งแต่ลองแรก!,draft.celebration.015,First pass!
draft_celebration_016,en,0,speaker,Team win!,celebration,office,true,Team win!,draft.celebration.016,Team win!
draft_celebration_016,th,0,speaker,ชัยชนะของทีม!,celebration,office,true,ชัยชนะของทีม!,draft.celebration.016,Team win!
draft_celebration_017,en,0,speaker,Good result!,celebration,office,true,Good result!,draft.celebration.017,Good result!
draft_celebration_017,th,0,speaker,ผลลัพธ์ดี!,celebration,office,true,ผลลัพธ์ดี!,draft.celebration.017,Good result!
draft_celebration_018,en,0,speaker,Clean pass!,celebration,office,true,Clean pass!,draft.celebration.018,Clean pass!
draft_celebration_018,th,0,speaker,ผ่านฉลุย!,celebration,office,true,ผ่านฉลุย!,draft.celebration.018,Clean pass!
draft_celebration_019,en,0,speaker,Bright moment!,celebration,office,true,Bright moment!,draft.celebration.019,Bright moment!
draft_celebration_019,th,0,speaker,ช่วงเวลาสดใส!,celebration,office,true,ช่วงเวลาสดใส!,draft.celebration.019,Bright moment!
draft_celebration_020,en,0,speaker,Worth a toast!,celebration,office,true,Worth a toast!,draft.celebration.020,Worth a toast!
draft_celebration_020,th,0,speaker,ควรฉลองแล้ว!,celebration,office,true,ควรฉลองแล้ว!,draft.celebration.020,Worth a toast!
draft_celebration_021,en,0,speaker,Raise a cup!,celebration,office,true,Raise a cup!,draft.celebration.021,Raise a cup!
draft_celebration_021,th,0,speaker,ยกแก้วกัน!,celebration,office,true,ยกแก้วกัน!,draft.celebration.021,Raise a cup!
draft_celebration_022,en,0,speaker,Ring the bell!,celebration,office,true,Ring the bell!,draft.celebration.022,Ring the bell!
draft_celebration_022,th,0,speaker,ลั่นระฆัง!,celebration,office,true,ลั่นระฆัง!,draft.celebration.022,Ring the bell!
draft_celebration_023,en,0,speaker,Play the music!,celebration,office,false,Play the music!,draft.celebration.023,Play the music!
draft_celebration_023,th,0,speaker,เปิดเพลงเลย!,celebration,office,true,เปิดเพลงเลย!,draft.celebration.023,Play the music!
draft_celebration_024,en,0,speaker,Party energy!,celebration,office,true,Party energy!,draft.celebration.024,Party energy!
draft_celebration_024,th,0,speaker,พลังปาร์ตี้!,celebration,office,true,พลังปาร์ตี้!,draft.celebration.024,Party energy!
draft_celebration_025,en,0,speaker,"Small win, big smile!",celebration,office,false,"Small win, big smile!",draft.celebration.025,"Small win, big smile!"
draft_celebration_025,th,0,speaker,ชนะเล็กยิ้มใหญ่!,celebration,office,true,ชนะเล็กยิ้มใหญ่!,draft.celebration.025,"Small win, big smile!"
draft_celebration_026,en,0,speaker,Cake time!,celebration,office,true,Cake time!,draft.celebration.026,Cake time!
draft_celebration_026,th,0,speaker,ได้เวลากินเค้ก!,celebration,office,true,ได้เวลากินเค้ก!,draft.celebration.026,Cake time!
draft_celebration_027,en,0,speaker,Bring the snacks!,celebration,office,false,Bring the snacks!,draft.celebration.027,Bring the snacks!
draft_celebration_027,th,0,speaker,เอาขนมออกมา!,celebration,office,true,เอาขนมออกมา!,draft.celebration.027,Bring the snacks!
draft_celebration_028,en,0,speaker,Good vibes only!,celebration,office,false,Good vibes only!,draft.celebration.028,Good vibes only!
draft_celebration_028,th,0,speaker,มีแต่พลังดี!,celebration,office,true,มีแต่พลังดี!,draft.celebration.028,Good vibes only!
draft_celebration_029,en,0,speaker,Look at us go!,celebration,office,true,Look at us go!,draft.celebration.029,Look at us go!
draft_celebration_029,th,0,speaker,ดูเราสิ ลุยได้!,celebration,office,true,ดูเราสิ ลุยได้!,draft.celebration.029,Look at us go!
draft_celebration_030,en,0,speaker,Made it through!,celebration,office,false,Made it through!,draft.celebration.030,Made it through!
draft_celebration_030,th,0,speaker,ผ่านมันมาแล้ว!,celebration,office,true,ผ่านมันมาแล้ว!,draft.celebration.030,Made it through!
draft_celebration_031,en,0,speaker,One for the books!,celebration,office,false,One for the books!,draft.celebration.031,One for the books!
draft_celebration_031,th,0,speaker,ต้องจดไว้เลย!,celebration,office,true,ต้องจดไว้เลย!,draft.celebration.031,One for the books!
draft_celebration_032,en,0,speaker,Today is ours!,celebration,office,true,Today is ours!,draft.celebration.032,Today is ours!
draft_celebration_032,th,0,speaker,วันนี้เป็นของเรา!,celebration,office,true,วันนี้เป็นของเรา!,draft.celebration.032,Today is ours!
draft_celebration_033,en,0,speaker,Cheers to the team!,celebration,office,false,Cheers to the team!,draft.celebration.033,Cheers to the team!
draft_celebration_033,th,0,speaker,ชนแก้วให้ทีม!,celebration,office,true,ชนแก้วให้ทีม!,draft.celebration.033,Cheers to the team!
draft_celebration_034,en,0,speaker,Cheers to the effort!,celebration,office,false,Cheers to the effort!,draft.celebration.034,Cheers to the effort!
draft_celebration_034,th,0,speaker,ชนแก้วให้ความพยายาม!,celebration,office,false,ชนแก้วให้ความพยายาม!,draft.celebration.034,Cheers to the effort!
draft_celebration_035,en,0,speaker,Next win ahead!,celebration,office,false,Next win ahead!,draft.celebration.035,Next win ahead!
draft_celebration_035,th,0,speaker,ชัยชนะต่อไปรออยู่!,celebration,office,false,ชัยชนะต่อไปรออยู่!,draft.celebration.035,Next win ahead!
draft_celebration_036,en,0,speaker,That was huge!,celebration,office,false,That was huge!,draft.celebration.036,That was huge!
draft_celebration_036,th,0,speaker,ใหญ่มาก!,celebration,office,true,ใหญ่มาก!,draft.celebration.036,That was huge!
draft_celebration_037,en,0,speaker,Mission joy!,celebration,office,true,Mission joy!,draft.celebration.037,Mission joy!
draft_celebration_037,th,0,speaker,ภารกิจแห่งความสุข!,celebration,office,false,ภารกิจแห่งความสุข!,draft.celebration.037,Mission joy!
draft_celebration_038,en,0,speaker,All smiles!,celebration,office,true,All smiles!,draft.celebration.038,All smiles!
draft_celebration_038,th,0,speaker,ยิ้มกันหมด!,celebration,office,true,ยิ้มกันหมด!,draft.celebration.038,All smiles!
draft_celebration_039,en,0,speaker,Winning mood!,celebration,office,true,Winning mood!,draft.celebration.039,Winning mood!
draft_celebration_039,th,0,speaker,อารมณ์ผู้ชนะ!,celebration,office,true,อารมณ์ผู้ชนะ!,draft.celebration.039,Winning mood!
draft_celebration_040,en,0,speaker,"Good work, celebrate!",celebration,office,false,"Good work, celebrate!",draft.celebration.040,"Good work, celebrate!"
draft_celebration_040,th,0,speaker,งานดีต้องฉลอง!,celebration,office,true,งานดีต้องฉลอง!,draft.celebration.040,"Good work, celebrate!"
draft_celebration_041,en,0,speaker,Success stamp!,celebration,office,false,Success stamp!,draft.celebration.041,Success stamp!
draft_celebration_041,th,0,speaker,ตราประทับแห่งชัยชนะ!,celebration,office,false,ตราประทับแห่งชัยชนะ!,draft.celebration.041,Success stamp!
draft_celebration_042,en,0,speaker,Today went well!,celebration,office,false,Today went well!,draft.celebration.042,Today went well!
draft_celebration_042,th,0,speaker,วันนี้ไปได้สวย!,celebration,office,true,วันนี้ไปได้สวย!,draft.celebration.042,Today went well!
draft_celebration_043,en,0,speaker,Pass the good news!,celebration,office,false,Pass the good news!,draft.celebration.043,Pass the good news!
draft_celebration_043,th,0,speaker,ส่งต่อข่าวดี!,celebration,office,true,ส่งต่อข่าวดี!,draft.celebration.043,Pass the good news!
draft_celebration_044,en,0,speaker,Open the bubbly!,celebration,office,false,Open the bubbly!,draft.celebration.044,Open the bubbly!
draft_celebration_044,th,0,speaker,เปิดเครื่องดื่มฉลอง!,celebration,office,false,เปิดเครื่องดื่มฉลอง!,draft.celebration.044,Open the bubbly!
draft_celebration_045,en,0,speaker,Enjoy this!,celebration,office,true,Enjoy this!,draft.celebration.045,Enjoy this!
draft_celebration_045,th,0,speaker,มาสนุกกับมัน!,celebration,office,true,มาสนุกกับมัน!,draft.celebration.045,Enjoy this!
draft_celebration_046,en,0,speaker,Small dance!,celebration,office,true,Small dance!,draft.celebration.046,Small dance!
draft_celebration_046,th,0,speaker,เต้นเล็ก ๆ!,celebration,office,true,เต้นเล็ก ๆ!,draft.celebration.046,Small dance!
draft_celebration_047,en,0,speaker,Victory lap!,celebration,office,true,Victory lap!,draft.celebration.047,Victory lap!
draft_celebration_047,th,0,speaker,ฉลองรอบชัยชนะ!,celebration,office,false,ฉลองรอบชัยชนะ!,draft.celebration.047,Victory lap!
draft_celebration_048,en,0,speaker,Shine on!,celebration,office,true,Shine on!,draft.celebration.048,Shine on!
draft_celebration_048,th,0,speaker,เปล่งประกายต่อไป!,celebration,office,false,เปล่งประกายต่อไป!,draft.celebration.048,Shine on!
draft_celebration_049,en,0,speaker,More wins ahead!,celebration,office,false,More wins ahead!,draft.celebration.049,More wins ahead!
draft_celebration_049,th,0,speaker,ชัยชนะยังรออยู่!,celebration,office,true,ชัยชนะยังรออยู่!,draft.celebration.049,More wins ahead!
draft_celebration_050,en,0,speaker,Well earned!,celebration,office,true,Well earned!,draft.celebration.050,Well earned!
draft_celebration_050,th,0,speaker,คู่ควรแล้ว!,celebration,office,true,คู่ควรแล้ว!,draft.celebration.050,Well earned!
draft_surprise_001,en,0,speaker,"Wait, what?",surprise,office,true,"Wait, what?",draft.surprise.001,"Wait, what?"
draft_surprise_001,th,0,speaker,เดี๋ยวนะ อะไร?,surprise,office,true,เดี๋ยวนะ อะไร?,draft.surprise.001,"Wait, what?"
draft_surprise_002,en,0,speaker,Gosh!,surprise,office,true,Gosh!,draft.surprise.002,Gosh!
draft_surprise_002,th,0,speaker,โอ้โฮ!,surprise,office,true,โอ้โฮ!,draft.surprise.002,Gosh!
draft_surprise_003,en,0,speaker,No way!,surprise,office,true,No way!,draft.surprise.003,No way!
draft_surprise_003,th,0,speaker,ไม่น่าเชื่อ!,surprise,office,true,ไม่น่าเชื่อ!,draft.surprise.003,No way!
draft_surprise_004,en,0,speaker,Really?,surprise,office,true,Really?,draft.surprise.004,Really?
draft_surprise_004,th,0,speaker,จริงเหรอ?,surprise,office,true,จริงเหรอ?,draft.surprise.004,Really?
draft_surprise_005,en,0,speaker,Look at that!,surprise,office,true,Look at that!,draft.surprise.005,Look at that!
draft_surprise_005,th,0,speaker,ดูนั่นสิ!,surprise,office,true,ดูนั่นสิ!,draft.surprise.005,Look at that!
draft_surprise_006,en,0,speaker,That changed!,surprise,office,true,That changed!,draft.surprise.006,That changed!
draft_surprise_006,th,0,speaker,เปลี่ยนไปแล้ว!,surprise,office,true,เปลี่ยนไปแล้ว!,draft.surprise.006,That changed!
draft_surprise_007,en,0,speaker,Plot twist!,surprise,office,true,Plot twist!,draft.surprise.007,Plot twist!
draft_surprise_007,th,0,speaker,หักมุมแล้ว!,surprise,office,true,หักมุมแล้ว!,draft.surprise.007,Plot twist!
draft_surprise_008,en,0,speaker,Unexpected!,surprise,office,true,Unexpected!,draft.surprise.008,Unexpected!
draft_surprise_008,th,0,speaker,ไม่คาดคิดเลย!,surprise,office,true,ไม่คาดคิดเลย!,draft.surprise.008,Unexpected!
draft_surprise_009,en,0,speaker,Whoa!,surprise,office,true,Whoa!,draft.surprise.009,Whoa!
draft_surprise_009,th,0,speaker,โห จริงดิ!,surprise,office,true,โห จริงดิ!,draft.surprise.009,Whoa!
draft_surprise_010,en,0,speaker,Did you see?,surprise,office,true,Did you see?,draft.surprise.010,Did you see?
draft_surprise_010,th,0,speaker,เห็นไหม?,surprise,office,true,เห็นไหม?,draft.surprise.010,Did you see?
draft_surprise_011,en,0,speaker,That was quick!,surprise,office,false,That was quick!,draft.surprise.011,That was quick!
draft_surprise_011,th,0,speaker,เร็วมาก!,surprise,office,true,เร็วมาก!,draft.surprise.011,That was quick!
draft_surprise_012,en,0,speaker,Out of nowhere!,surprise,office,false,Out of nowhere!,draft.surprise.012,Out of nowhere!
draft_surprise_012,th,0,speaker,มาไม่ทันตั้งตัว!,surprise,office,true,มาไม่ทันตั้งตัว!,draft.surprise.012,Out of nowhere!
draft_surprise_013,en,0,speaker,"Well, hello!",surprise,office,true,"Well, hello!",draft.surprise.013,"Well, hello!"
draft_surprise_013,th,0,speaker,โอ้โฮ สวัสดี!,surprise,office,true,โอ้โฮ สวัสดี!,draft.surprise.013,"Well, hello!"
draft_surprise_014,en,0,speaker,That's new.,surprise,office,true,That's new.,draft.surprise.014,That's new.
draft_surprise_014,th,0,speaker,อันนี้ใหม่เลย,surprise,office,true,อันนี้ใหม่เลย,draft.surprise.014,That's new.
draft_surprise_015,en,0,speaker,Since when?,surprise,office,true,Since when?,draft.surprise.015,Since when?
draft_surprise_015,th,0,speaker,ตั้งแต่เมื่อไหร่?,surprise,office,true,ตั้งแต่เมื่อไหร่?,draft.surprise.015,Since when?
draft_surprise_016,en,0,speaker,How did that happen?,surprise,office,false,How did that happen?,draft.surprise.016,How did that happen?
draft_surprise_016,th,0,speaker,เกิดขึ้นได้ไง?,surprise,office,true,เกิดขึ้นได้ไง?,draft.surprise.016,How did that happen?
draft_surprise_017,en,0,speaker,Big jump!,surprise,office,true,Big jump!,draft.surprise.017,Big jump!
draft_surprise_017,th,0,speaker,พุ่งขึ้นมาก!,surprise,office,true,พุ่งขึ้นมาก!,draft.surprise.017,Big jump!
draft_surprise_018,en,0,speaker,Sudden turn!,surprise,office,true,Sudden turn!,draft.surprise.018,Sudden turn!
draft_surprise_018,th,0,speaker,หักเลี้ยวกะทันหัน!,surprise,office,false,หักเลี้ยวกะทันหัน!,draft.surprise.018,Sudden turn!
draft_surprise_019,en,0,speaker,Early delivery!,surprise,office,true,Early delivery!,draft.surprise.019,Early delivery!
draft_surprise_019,th,0,speaker,มาส่งเร็วเลย!,surprise,office,true,มาส่งเร็วเลย!,draft.surprise.019,Early delivery!
draft_surprise_020,en,0,speaker,Perfect timing!,surprise,office,true,Perfect timing!,draft.surprise.020,Perfect timing!
draft_surprise_020,th,0,speaker,จังหวะเป๊ะ!,surprise,office,true,จังหวะเป๊ะ!,draft.surprise.020,Perfect timing!
draft_surprise_021,en,0,speaker,That worked?,surprise,office,true,That worked?,draft.surprise.021,That worked?
draft_surprise_021,th,0,speaker,ใช้ได้จริงเหรอ?,surprise,office,true,ใช้ได้จริงเหรอ?,draft.surprise.021,That worked?
draft_surprise_022,en,0,speaker,Lucky break!,surprise,office,true,Lucky break!,draft.surprise.022,Lucky break!
draft_surprise_022,th,0,speaker,โชคดีจัง!,surprise,office,true,โชคดีจัง!,draft.surprise.022,Lucky break!
draft_surprise_023,en,0,speaker,Small miracle!,surprise,office,true,Small miracle!,draft.surprise.023,Small miracle!
draft_surprise_023,th,0,speaker,ปาฏิหาริย์เล็ก ๆ!,surprise,office,true,ปาฏิหาริย์เล็ก ๆ!,draft.surprise.023,Small miracle!
draft_surprise_024,en,0,speaker,Fancy that!,surprise,office,true,Fancy that!,draft.surprise.024,Fancy that!
draft_surprise_024,th,0,speaker,ไม่นึกเลย!,surprise,office,true,ไม่นึกเลย!,draft.surprise.024,Fancy that!
draft_surprise_025,en,0,speaker,"Well, then!",surprise,office,true,"Well, then!",draft.surprise.025,"Well, then!"
draft_surprise_025,th,0,speaker,เอาแบบนี้เลยเหรอ!,surprise,office,false,เอาแบบนี้เลยเหรอ!,draft.surprise.025,"Well, then!"
draft_surprise_026,en,0,speaker,Didn't see that.,surprise,office,false,Didn't see that.,draft.surprise.026,Didn't see that.
draft_surprise_026,th,0,speaker,ไม่เห็นว่าจะมา,surprise,office,true,ไม่เห็นว่าจะมา,draft.surprise.026,Didn't see that.
draft_surprise_027,en,0,speaker,Nearly missed it!,surprise,office,false,Nearly missed it!,draft.surprise.027,Nearly missed it!
draft_surprise_027,th,0,speaker,เกือบพลาดแล้ว!,surprise,office,true,เกือบพลาดแล้ว!,draft.surprise.027,Nearly missed it!
draft_surprise_028,en,0,speaker,"Suddenly, yes.",surprise,office,true,"Suddenly, yes.",draft.surprise.028,"Suddenly, yes."
draft_surprise_028,th,0,speaker,จู่ ๆ ก็ได้!,surprise,office,true,จู่ ๆ ก็ได้!,draft.surprise.028,"Suddenly, yes."
draft_surprise_029,en,0,speaker,Who's that?,surprise,office,true,Who's that?,draft.surprise.029,Who's that?
draft_surprise_029,th,0,speaker,นั่นใครมา?,surprise,office,true,นั่นใครมา?,draft.surprise.029,Who's that?
draft_surprise_030,en,0,speaker,Message already?,surprise,office,false,Message already?,draft.surprise.030,Message already?
draft_surprise_030,th,0,speaker,ข้อความมาแล้วเหรอ?,surprise,office,false,ข้อความมาแล้วเหรอ?,draft.surprise.030,Message already?
draft_surprise_031,en,0,speaker,Rain stopped?,surprise,office,true,Rain stopped?,draft.surprise.031,Rain stopped?
draft_surprise_031,th,0,speaker,ฝนหยุดแล้วเหรอ?,surprise,office,false,ฝนหยุดแล้วเหรอ?,draft.surprise.031,Rain stopped?
draft_surprise_032,en,0,speaker,New shortcut!,surprise,office,true,New shortcut!,draft.surprise.032,New shortcut!
draft_surprise_032,th,0,speaker,ทางลัดใหม่!,surprise,office,true,ทางลัดใหม่!,draft.surprise.032,New shortcut!
draft_surprise_033,en,0,speaker,Where did that go?,surprise,office,false,Where did that go?,draft.surprise.033,Where did that go?
draft_surprise_033,th,0,speaker,นั่นหายไปไหน?,surprise,office,true,นั่นหายไปไหน?,draft.surprise.033,Where did that go?
draft_surprise_034,en,0,speaker,Found it!,surprise,office,true,Found it!,draft.surprise.034,Found it!
draft_surprise_034,th,0,speaker,เจอแล้ว!,surprise,office,true,เจอแล้ว!,draft.surprise.034,Found it!
draft_surprise_035,en,0,speaker,Changed the game!,surprise,office,false,Changed the game!,draft.surprise.035,Changed the game!
draft_surprise_035,th,0,speaker,เปลี่ยนเกมเลย!,surprise,office,true,เปลี่ยนเกมเลย!,draft.surprise.035,Changed the game!
draft_surprise_036,en,0,speaker,That explains it.,surprise,office,false,That explains it.,draft.surprise.036,That explains it.
draft_surprise_036,th,0,speaker,แบบนี้นี่เอง,surprise,office,true,แบบนี้นี่เอง,draft.surprise.036,That explains it.
draft_surprise_037,en,0,speaker,Now that's odd.,surprise,office,false,Now that's odd.,draft.surprise.037,Now that's odd.
draft_surprise_037,th,0,speaker,อันนี้แปลกนะ,surprise,office,true,อันนี้แปลกนะ,draft.surprise.037,Now that's odd.
draft_surprise_038,en,0,speaker,Too convenient!,surprise,office,false,Too convenient!,draft.surprise.038,Too convenient!
draft_surprise_038,th,0,speaker,บังเอิญเกินไป!,surprise,office,true,บังเอิญเกินไป!,draft.surprise.038,Too convenient!
draft_surprise_039,en,0,speaker,What a turn!,surprise,office,true,What a turn!,draft.surprise.039,What a turn!
draft_surprise_039,th,0,speaker,พลิกได้ไง!,surprise,office,true,พลิกได้ไง!,draft.surprise.039,What a turn!
draft_surprise_040,en,0,speaker,Against the odds!,surprise,office,false,Against the odds!,draft.surprise.040,Against the odds!
draft_surprise_040,th,0,speaker,เกินคาดจริง!,surprise,office,true,เกินคาดจริง!,draft.surprise.040,Against the odds!
draft_surprise_041,en,0,speaker,That was lucky.,surprise,office,false,That was lucky.,draft.surprise.041,That was lucky.
draft_surprise_041,th,0,speaker,โชคดีนะ,surprise,office,true,โชคดีนะ,draft.surprise.041,That was lucky.
draft_surprise_042,en,0,speaker,Hold on!,surprise,office,true,Hold on!,draft.surprise.042,Hold on!
draft_surprise_042,th,0,speaker,เดี๋ยวก่อน!,surprise,office,true,เดี๋ยวก่อน!,draft.surprise.042,Hold on!
draft_surprise_043,en,0,speaker,Did it move?,surprise,office,true,Did it move?,draft.surprise.043,Did it move?
draft_surprise_043,th,0,speaker,มันขยับเหรอ?,surprise,office,true,มันขยับเหรอ?,draft.surprise.043,Did it move?
draft_surprise_044,en,0,speaker,Not what I expected.,surprise,office,false,Not what I expected.,draft.surprise.044,Not what I expected.
draft_surprise_044,th,0,speaker,ไม่เหมือนที่คิด,surprise,office,true,ไม่เหมือนที่คิด,draft.surprise.044,Not what I expected.
draft_surprise_045,en,0,speaker,"Well, surprise me.",surprise,office,false,"Well, surprise me.",draft.surprise.045,"Well, surprise me."
draft_surprise_045,th,0,speaker,เซอร์ไพรส์จริง,surprise,office,true,เซอร์ไพรส์จริง,draft.surprise.045,"Well, surprise me."
draft_surprise_046,en,0,speaker,Everything changed.,surprise,office,false,Everything changed.,draft.surprise.046,Everything changed.
draft_surprise_046,th,0,speaker,เปลี่ยนหมดเลย,surprise,office,true,เปลี่ยนหมดเลย,draft.surprise.046,Everything changed.
draft_surprise_047,en,0,speaker,That came early.,surprise,office,false,That came early.,draft.surprise.047,That came early.
draft_surprise_047,th,0,speaker,มาเร็วจัง,surprise,office,true,มาเร็วจัง,draft.surprise.047,That came early.
draft_surprise_048,en,0,speaker,How curious.,surprise,office,true,How curious.,draft.surprise.048,How curious.
draft_surprise_048,th,0,speaker,น่าสงสัยจัง,surprise,office,true,น่าสงสัยจัง,draft.surprise.048,How curious.
draft_surprise_049,en,0,speaker,Now I want to know.,surprise,office,false,Now I want to know.,draft.surprise.049,Now I want to know.
draft_surprise_049,th,0,speaker,อยากรู้แล้วสิ,surprise,office,true,อยากรู้แล้วสิ,draft.surprise.049,Now I want to know.
draft_surprise_050,en,0,speaker,"Okay, wow.",surprise,office,true,"Okay, wow.",draft.surprise.050,"Okay, wow."
draft_surprise_050,th,0,speaker,โอเค ว้าว,surprise,office,true,โอเค ว้าว,draft.surprise.050,"Okay, wow."
draft_disappointment_001,en,0,speaker,"Oh, no...",disappointment,office,true,"Oh, no...",draft.disappointment.001,"Oh, no..."
draft_disappointment_001,th,0,speaker,เฮ้อ...,disappointment,office,true,เฮ้อ...,draft.disappointment.001,"Oh, no..."
draft_disappointment_002,en,0,speaker,Not again.,disappointment,office,true,Not again.,draft.disappointment.002,Not again.
draft_disappointment_002,th,0,speaker,ไม่เอาอีกแล้ว,disappointment,office,true,ไม่เอาอีกแล้ว,draft.disappointment.002,Not again.
draft_disappointment_003,en,0,speaker,That slipped.,disappointment,office,true,That slipped.,draft.disappointment.003,That slipped.
draft_disappointment_003,th,0,speaker,พลาดไปแล้ว,disappointment,office,true,พลาดไปแล้ว,draft.disappointment.003,That slipped.
draft_disappointment_004,en,0,speaker,Bad timing.,disappointment,office,true,Bad timing.,draft.disappointment.004,Bad timing.
draft_disappointment_004,th,0,speaker,จังหวะไม่ดีเลย,disappointment,office,true,จังหวะไม่ดีเลย,draft.disappointment.004,Bad timing.
draft_disappointment_005,en,0,speaker,Link is down.,disappointment,office,true,Link is down.,draft.disappointment.005,Link is down.
draft_disappointment_005,th,0,speaker,ลิงก์ล่มแล้ว,disappointment,office,true,ลิงก์ล่มแล้ว,draft.disappointment.005,Link is down.
draft_disappointment_006,en,0,speaker,File is missing.,disappointment,office,true,File is missing.,draft.disappointment.006,File is missing.
draft_disappointment_006,th,0,speaker,ไฟล์หายแล้ว,disappointment,office,true,ไฟล์หายแล้ว,draft.disappointment.006,File is missing.
draft_disappointment_007,en,0,speaker,Test failed.,disappointment,office,true,Test failed.,draft.disappointment.007,Test failed.
draft_disappointment_007,th,0,speaker,ทดสอบไม่ผ่าน,disappointment,office,true,ทดสอบไม่ผ่าน,draft.disappointment.007,Test failed.
draft_disappointment_008,en,0,speaker,No reply yet.,disappointment,office,true,No reply yet.,draft.disappointment.008,No reply yet.
draft_disappointment_008,th,0,speaker,ยังไม่มีคำตอบ,disappointment,office,true,ยังไม่มีคำตอบ,draft.disappointment.008,No reply yet.
draft_disappointment_009,en,0,speaker,Coffee's gone.,disappointment,office,true,Coffee's gone.,draft.disappointment.009,Coffee's gone.
draft_disappointment_009,th,0,speaker,กาแฟหมดแล้ว,disappointment,office,true,กาแฟหมดแล้ว,draft.disappointment.009,Coffee's gone.
draft_disappointment_010,en,0,speaker,Plan changed.,disappointment,office,true,Plan changed.,draft.disappointment.010,Plan changed.
draft_disappointment_010,th,0,speaker,แผนเปลี่ยนแล้ว,disappointment,office,true,แผนเปลี่ยนแล้ว,draft.disappointment.010,Plan changed.
draft_disappointment_011,en,0,speaker,That hurts.,disappointment,office,true,That hurts.,draft.disappointment.011,That hurts.
draft_disappointment_011,th,0,speaker,เจ็บใจนะ,disappointment,office,true,เจ็บใจนะ,draft.disappointment.011,That hurts.
draft_disappointment_012,en,0,speaker,"Close, but no.",disappointment,office,true,"Close, but no.",draft.disappointment.012,"Close, but no."
draft_disappointment_012,th,0,speaker,เกือบแล้วแต่ไม่,disappointment,office,true,เกือบแล้วแต่ไม่,draft.disappointment.012,"Close, but no."
draft_disappointment_013,en,0,speaker,Not our day.,disappointment,office,true,Not our day.,draft.disappointment.013,Not our day.
draft_disappointment_013,th,0,speaker,วันนี้ไม่ใช่วันของเรา,disappointment,office,false,วันนี้ไม่ใช่วันของเรา,draft.disappointment.013,Not our day.
draft_disappointment_014,en,0,speaker,Back to work.,disappointment,office,true,Back to work.,draft.disappointment.014,Back to work.
draft_disappointment_014,th,0,speaker,กลับไปแก้งาน,disappointment,office,true,กลับไปแก้งาน,draft.disappointment.014,Back to work.
draft_disappointment_015,en,0,speaker,One more try.,disappointment,office,true,One more try.,draft.disappointment.015,One more try.
draft_disappointment_015,th,0,speaker,ขอแก้อีกที,disappointment,office,true,ขอแก้อีกที,draft.disappointment.015,One more try.
draft_disappointment_016,en,0,speaker,Needs a reset.,disappointment,office,true,Needs a reset.,draft.disappointment.016,Needs a reset.
draft_disappointment_016,th,0,speaker,ต้องเริ่มใหม่,disappointment,office,true,ต้องเริ่มใหม่,draft.disappointment.016,Needs a reset.
draft_disappointment_017,en,0,speaker,Missed it.,disappointment,office,true,Missed it.,draft.disappointment.017,Missed it.
draft_disappointment_017,th,0,speaker,พลาดแล้ว,disappointment,office,true,พลาดแล้ว,draft.disappointment.017,Missed it.
draft_disappointment_018,en,0,speaker,Too late.,disappointment,office,true,Too late.,draft.disappointment.018,Too late.
draft_disappointment_018,th,0,speaker,สายไปแล้ว,disappointment,office,true,สายไปแล้ว,draft.disappointment.018,Too late.
draft_disappointment_019,en,0,speaker,That stings.,disappointment,office,true,That stings.,draft.disappointment.019,That stings.
draft_disappointment_019,th,0,speaker,เจ็บจี๊ดเลย,disappointment,office,true,เจ็บจี๊ดเลย,draft.disappointment.019,That stings.
draft_disappointment_020,en,0,speaker,"Well, darn.",disappointment,office,true,"Well, darn.",draft.disappointment.020,"Well, darn."
draft_disappointment_020,th,0,speaker,แย่จัง,disappointment,office,true,แย่จัง,draft.disappointment.020,"Well, darn."
draft_disappointment_021,en,0,speaker,Not ideal.,disappointment,office,true,Not ideal.,draft.disappointment.021,Not ideal.
draft_disappointment_021,th,0,speaker,ไม่ค่อยดีเลย,disappointment,office,true,ไม่ค่อยดีเลย,draft.disappointment.021,Not ideal.
draft_disappointment_022,en,0,speaker,Could be better.,disappointment,office,false,Could be better.,draft.disappointment.022,Could be better.
draft_disappointment_022,th,0,speaker,ดีกว่านี้ได้,disappointment,office,true,ดีกว่านี้ได้,draft.disappointment.022,Could be better.
draft_disappointment_023,en,0,speaker,Rough start.,disappointment,office,true,Rough start.,draft.disappointment.023,Rough start.
draft_disappointment_023,th,0,speaker,เริ่มไม่สวย,disappointment,office,true,เริ่มไม่สวย,draft.disappointment.023,Rough start.
draft_disappointment_024,en,0,speaker,Rough finish.,disappointment,office,true,Rough finish.,draft.disappointment.024,Rough finish.
draft_disappointment_024,th,0,speaker,จบไม่สวย,disappointment,office,true,จบไม่สวย,draft.disappointment.024,Rough finish.
draft_disappointment_025,en,0,speaker,Wrong number.,disappointment,office,true,Wrong number.,draft.disappointment.025,Wrong number.
draft_disappointment_025,th,0,speaker,ตัวเลขผิด,disappointment,office,true,ตัวเลขผิด,draft.disappointment.025,Wrong number.
draft_disappointment_026,en,0,speaker,Wrong file.,disappointment,office,true,Wrong file.,draft.disappointment.026,Wrong file.
draft_disappointment_026,th,0,speaker,ไฟล์ผิด,disappointment,office,true,ไฟล์ผิด,draft.disappointment.026,Wrong file.
draft_disappointment_027,en,0,speaker,Wrong turn.,disappointment,office,true,Wrong turn.,draft.disappointment.027,Wrong turn.
draft_disappointment_027,th,0,speaker,เลี้ยวผิด,disappointment,office,true,เลี้ยวผิด,draft.disappointment.027,Wrong turn.
draft_disappointment_028,en,0,speaker,Meeting canceled.,disappointment,office,false,Meeting canceled.,draft.disappointment.028,Meeting canceled.
draft_disappointment_028,th,0,speaker,ประชุมยกเลิก,disappointment,office,true,ประชุมยกเลิก,draft.disappointment.028,Meeting canceled.
draft_disappointment_029,en,0,speaker,Deadline moved.,disappointment,office,false,Deadline moved.,draft.disappointment.029,Deadline moved.
draft_disappointment_029,th,0,speaker,เส้นตายเลื่อน,disappointment,office,true,เส้นตายเลื่อน,draft.disappointment.029,Deadline moved.
draft_disappointment_030,en,0,speaker,Reply vanished.,disappointment,office,false,Reply vanished.,draft.disappointment.030,Reply vanished.
draft_disappointment_030,th,0,speaker,คำตอบหายไป,disappointment,office,true,คำตอบหายไป,draft.disappointment.030,Reply vanished.
draft_disappointment_031,en,0,speaker,That was hopeful.,disappointment,office,false,That was hopeful.,draft.disappointment.031,That was hopeful.
draft_disappointment_031,th,0,speaker,เมื่อกี้มีหวังนะ,disappointment,office,true,เมื่อกี้มีหวังนะ,draft.disappointment.031,That was hopeful.
draft_disappointment_032,en,0,speaker,Hope took a hit.,disappointment,office,false,Hope took a hit.,draft.disappointment.032,Hope took a hit.
draft_disappointment_032,th,0,speaker,ความหวังสะดุด,disappointment,office,true,ความหวังสะดุด,draft.disappointment.032,Hope took a hit.
draft_disappointment_033,en,0,speaker,Not the result.,disappointment,office,true,Not the result.,draft.disappointment.033,Not the result.
draft_disappointment_033,th,0,speaker,ไม่ใช่ผลที่หวัง,disappointment,office,true,ไม่ใช่ผลที่หวัง,draft.disappointment.033,Not the result.
draft_disappointment_034,en,0,speaker,Back to the draft.,disappointment,office,false,Back to the draft.,draft.disappointment.034,Back to the draft.
draft_disappointment_034,th,0,speaker,กลับไปที่ร่างงาน,disappointment,office,true,กลับไปที่ร่างงาน,draft.disappointment.034,Back to the draft.
draft_disappointment_035,en,0,speaker,Need more fixing.,disappointment,office,false,Need more fixing.,draft.disappointment.035,Need more fixing.
draft_disappointment_035,th,0,speaker,ต้องแก้อีก,disappointment,office,true,ต้องแก้อีก,draft.disappointment.035,Need more fixing.
draft_disappointment_036,en,0,speaker,Small setback.,disappointment,office,true,Small setback.,draft.disappointment.036,Small setback.
draft_disappointment_036,th,0,speaker,สะดุดนิดหน่อย,disappointment,office,true,สะดุดนิดหน่อย,draft.disappointment.036,Small setback.
draft_disappointment_037,en,0,speaker,Big sigh.,disappointment,office,true,Big sigh.,draft.disappointment.037,Big sigh.
draft_disappointment_037,th,0,speaker,ถอนหายใจใหญ่,disappointment,office,true,ถอนหายใจใหญ่,draft.disappointment.037,Big sigh.
draft_disappointment_038,en,0,speaker,Why today?,disappointment,office,true,Why today?,draft.disappointment.038,Why today?
draft_disappointment_038,th,0,speaker,ทำไมต้องวันนี้,disappointment,office,true,ทำไมต้องวันนี้,draft.disappointment.038,Why today?
draft_disappointment_039,en,0,speaker,That nearly worked.,disappointment,office,false,That nearly worked.,draft.disappointment.039,That nearly worked.
draft_disappointment_039,th,0,speaker,เกือบใช้ได้แล้ว,disappointment,office,true,เกือบใช้ได้แล้ว,draft.disappointment.039,That nearly worked.
draft_disappointment_040,en,0,speaker,Not quite ready.,disappointment,office,false,Not quite ready.,draft.disappointment.040,Not quite ready.
draft_disappointment_040,th,0,speaker,ยังไม่พร้อม,disappointment,office,true,ยังไม่พร้อม,draft.disappointment.040,Not quite ready.
draft_disappointment_041,en,0,speaker,Lost the thread.,disappointment,office,false,Lost the thread.,draft.disappointment.041,Lost the thread.
draft_disappointment_041,th,0,speaker,หลุดประเด็นแล้ว,disappointment,office,true,หลุดประเด็นแล้ว,draft.disappointment.041,Lost the thread.
draft_disappointment_042,en,0,speaker,Another delay.,disappointment,office,true,Another delay.,draft.disappointment.042,Another delay.
draft_disappointment_042,th,0,speaker,เลื่อนอีกแล้ว,disappointment,office,true,เลื่อนอีกแล้ว,draft.disappointment.042,Another delay.
draft_disappointment_043,en,0,speaker,Empty queue.,disappointment,office,true,Empty queue.,draft.disappointment.043,Empty queue.
draft_disappointment_043,th,0,speaker,คิวว่างเปล่า,disappointment,office,true,คิวว่างเปล่า,draft.disappointment.043,Empty queue.
draft_disappointment_044,en,0,speaker,Bad break.,disappointment,office,true,Bad break.,draft.disappointment.044,Bad break.
draft_disappointment_044,th,0,speaker,จังหวะแย่เลย,disappointment,office,true,จังหวะแย่เลย,draft.disappointment.044,Bad break.
draft_disappointment_045,en,0,speaker,Missed the mark.,disappointment,office,false,Missed the mark.,draft.disappointment.045,Missed the mark.
draft_disappointment_045,th,0,speaker,พลาดเป้า,disappointment,office,true,พลาดเป้า,draft.disappointment.045,Missed the mark.
draft_disappointment_046,en,0,speaker,Try not to sigh.,disappointment,office,false,Try not to sigh.,draft.disappointment.046,Try not to sigh.
draft_disappointment_046,th,0,speaker,อย่าเพิ่งถอนหายใจ,disappointment,office,false,อย่าเพิ่งถอนหายใจ,draft.disappointment.046,Try not to sigh.
draft_disappointment_047,en,0,speaker,We'll fix it.,disappointment,office,true,We'll fix it.,draft.disappointment.047,We'll fix it.
draft_disappointment_047,th,0,speaker,เดี๋ยวเราแก้,disappointment,office,true,เดี๋ยวเราแก้,draft.disappointment.047,We'll fix it.
draft_disappointment_048,en,0,speaker,"Tomorrow, then.",disappointment,office,false,"Tomorrow, then.",draft.disappointment.048,"Tomorrow, then."
draft_disappointment_048,th,0,speaker,งั้นพรุ่งนี้,disappointment,office,true,งั้นพรุ่งนี้,draft.disappointment.048,"Tomorrow, then."
draft_disappointment_049,en,0,speaker,Back to basics.,disappointment,office,true,Back to basics.,draft.disappointment.049,Back to basics.
draft_disappointment_049,th,0,speaker,กลับสู่พื้นฐาน,disappointment,office,true,กลับสู่พื้นฐาน,draft.disappointment.049,Back to basics.
draft_disappointment_050,en,0,speaker,Still salvageable.,disappointment,office,false,Still salvageable.,draft.disappointment.050,Still salvageable.
draft_disappointment_050,th,0,speaker,ยังกู้ได้อยู่,disappointment,office,true,ยังกู้ได้อยู่,draft.disappointment.050,Still salvageable.
draft_fatigue_001,en,0,speaker,Tired...,fatigue,office,true,Tired...,draft.fatigue.001,Tired...
draft_fatigue_001,th,0,speaker,หมดแรง...,fatigue,office,true,หมดแรง...,draft.fatigue.001,Tired...
draft_fatigue_002,en,0,speaker,Running low.,fatigue,office,true,Running low.,draft.fatigue.002,Running low.
draft_fatigue_002,th,0,speaker,แรงใกล้หมด,fatigue,office,true,แรงใกล้หมด,draft.fatigue.002,Running low.
draft_fatigue_003,en,0,speaker,Need a break.,fatigue,office,true,Need a break.,draft.fatigue.003,Need a break.
draft_fatigue_003,th,0,speaker,ขอพักหน่อย,fatigue,office,true,ขอพักหน่อย,draft.fatigue.003,Need a break.
draft_fatigue_004,en,0,speaker,Brain offline.,fatigue,office,true,Brain offline.,draft.fatigue.004,Brain offline.
draft_fatigue_004,th,0,speaker,สมองออฟไลน์,fatigue,office,true,สมองออฟไลน์,draft.fatigue.004,Brain offline.
draft_fatigue_005,en,0,speaker,Long day.,fatigue,office,true,Long day.,draft.fatigue.005,Long day.
draft_fatigue_005,th,0,speaker,วันนี้ยาวจริง,fatigue,office,true,วันนี้ยาวจริง,draft.fatigue.005,Long day.
draft_fatigue_006,en,0,speaker,Too many tabs.,fatigue,office,false,Too many tabs.,draft.fatigue.006,Too many tabs.
draft_fatigue_006,th,0,speaker,เปิดแท็บเยอะไป,fatigue,office,true,เปิดแท็บเยอะไป,draft.fatigue.006,Too many tabs.
draft_fatigue_007,en,0,speaker,Meeting fog.,fatigue,office,true,Meeting fog.,draft.fatigue.007,Meeting fog.
draft_fatigue_007,th,0,speaker,หมอกจากประชุม,fatigue,office,true,หมอกจากประชุม,draft.fatigue.007,Meeting fog.
draft_fatigue_008,en,0,speaker,"Coffee, please.",fatigue,office,false,"Coffee, please.",draft.fatigue.008,"Coffee, please."
draft_fatigue_008,th,0,speaker,ขอกาแฟหน่อย,fatigue,office,true,ขอกาแฟหน่อย,draft.fatigue.008,"Coffee, please."
draft_fatigue_009,en,0,speaker,Low battery.,fatigue,office,true,Low battery.,draft.fatigue.009,Low battery.
draft_fatigue_009,th,0,speaker,แบตใกล้หมด,fatigue,office,true,แบตใกล้หมด,draft.fatigue.009,Low battery.
draft_fatigue_010,en,0,speaker,Out of steam.,fatigue,office,true,Out of steam.,draft.fatigue.010,Out of steam.
draft_fatigue_010,th,0,speaker,หมดแรงแล้ว,fatigue,office,true,หมดแรงแล้ว,draft.fatigue.010,Out of steam.
draft_fatigue_011,en,0,speaker,Eyes are heavy.,fatigue,office,false,Eyes are heavy.,draft.fatigue.011,Eyes are heavy.
draft_fatigue_011,th,0,speaker,ตาหนักแล้ว,fatigue,office,true,ตาหนักแล้ว,draft.fatigue.011,Eyes are heavy.
draft_fatigue_012,en,0,speaker,Need quiet.,fatigue,office,true,Need quiet.,draft.fatigue.012,Need quiet.
draft_fatigue_012,th,0,speaker,ขอเงียบหน่อย,fatigue,office,true,ขอเงียบหน่อย,draft.fatigue.012,Need quiet.
draft_fatigue_013,en,0,speaker,Pause mode.,fatigue,office,true,Pause mode.,draft.fatigue.013,Pause mode.
draft_fatigue_013,th,0,speaker,โหมดพัก,fatigue,office,true,โหมดพัก,draft.fatigue.013,Pause mode.
draft_fatigue_014,en,0,speaker,Slow thoughts.,fatigue,office,true,Slow thoughts.,draft.fatigue.014,Slow thoughts.
draft_fatigue_014,th,0,speaker,คิดช้าลงแล้ว,fatigue,office,true,คิดช้าลงแล้ว,draft.fatigue.014,Slow thoughts.
draft_fatigue_015,en,0,speaker,One thing at a time.,fatigue,office,false,One thing at a time.,draft.fatigue.015,One thing at a time.
draft_fatigue_015,th,0,speaker,ทีละเรื่องนะ,fatigue,office,true,ทีละเรื่องนะ,draft.fatigue.015,One thing at a time.
draft_fatigue_016,en,0,speaker,That was a lot.,fatigue,office,false,That was a lot.,draft.fatigue.016,That was a lot.
draft_fatigue_016,th,0,speaker,เยอะมากเลย,fatigue,office,true,เยอะมากเลย,draft.fatigue.016,That was a lot.
draft_fatigue_017,en,0,speaker,Calls all day.,fatigue,office,true,Calls all day.,draft.fatigue.017,Calls all day.
draft_fatigue_017,th,0,speaker,สายทั้งวัน,fatigue,office,true,สายทั้งวัน,draft.fatigue.017,Calls all day.
draft_fatigue_018,en,0,speaker,Late again.,fatigue,office,true,Late again.,draft.fatigue.018,Late again.
draft_fatigue_018,th,0,speaker,ดึกอีกแล้ว,fatigue,office,true,ดึกอีกแล้ว,draft.fatigue.018,Late again.
draft_fatigue_019,en,0,speaker,Need fresh air.,fatigue,office,true,Need fresh air.,draft.fatigue.019,Need fresh air.
draft_fatigue_019,th,0,speaker,ขออากาศหน่อย,fatigue,office,true,ขออากาศหน่อย,draft.fatigue.019,Need fresh air.
draft_fatigue_020,en,0,speaker,Stretch break.,fatigue,office,true,Stretch break.,draft.fatigue.020,Stretch break.
draft_fatigue_020,th,0,speaker,ยืดเส้นพัก,fatigue,office,true,ยืดเส้นพัก,draft.fatigue.020,Stretch break.
draft_fatigue_021,en,0,speaker,Desk fatigue.,fatigue,office,true,Desk fatigue.,draft.fatigue.021,Desk fatigue.
draft_fatigue_021,th,0,speaker,เหนื่อยที่โต๊ะ,fatigue,office,true,เหนื่อยที่โต๊ะ,draft.fatigue.021,Desk fatigue.
draft_fatigue_022,en,0,speaker,Screen blur.,fatigue,office,true,Screen blur.,draft.fatigue.022,Screen blur.
draft_fatigue_022,th,0,speaker,จอเริ่มเบลอ,fatigue,office,true,จอเริ่มเบลอ,draft.fatigue.022,Screen blur.
draft_fatigue_023,en,0,speaker,Words are hiding.,fatigue,office,false,Words are hiding.,draft.fatigue.023,Words are hiding.
draft_fatigue_023,th,0,speaker,คำหายไปหมด,fatigue,office,true,คำหายไปหมด,draft.fatigue.023,Words are hiding.
draft_fatigue_024,en,0,speaker,Focus is shy.,fatigue,office,true,Focus is shy.,draft.fatigue.024,Focus is shy.
draft_fatigue_024,th,0,speaker,โฟกัสหลบหน้า,fatigue,office,true,โฟกัสหลบหน้า,draft.fatigue.024,Focus is shy.
draft_fatigue_025,en,0,speaker,Energy: maybe.,fatigue,office,false,Energy: maybe.,draft.fatigue.025,Energy: maybe.
draft_fatigue_025,th,0,speaker,พลัง: อาจมี,fatigue,office,true,พลัง: อาจมี,draft.fatigue.025,Energy: maybe.
draft_fatigue_026,en,0,speaker,Brain needs tea.,fatigue,office,false,Brain needs tea.,draft.fatigue.026,Brain needs tea.
draft_fatigue_026,th,0,speaker,สมองขอชา,fatigue,office,true,สมองขอชา,draft.fatigue.026,Brain needs tea.
draft_fatigue_027,en,0,speaker,Let's breathe.,fatigue,office,true,Let's breathe.,draft.fatigue.027,Let's breathe.
draft_fatigue_027,th,0,speaker,หายใจกัน,fatigue,office,true,หายใจกัน,draft.fatigue.027,Let's breathe.
draft_fatigue_028,en,0,speaker,Not my fastest.,fatigue,office,false,Not my fastest.,draft.fatigue.028,Not my fastest.
draft_fatigue_028,th,0,speaker,วันนี้ช้าหน่อย,fatigue,office,true,วันนี้ช้าหน่อย,draft.fatigue.028,Not my fastest.
draft_fatigue_029,en,0,speaker,Keep it gentle.,fatigue,office,true,Keep it gentle.,draft.fatigue.029,Keep it gentle.
draft_fatigue_029,th,0,speaker,ค่อย ๆ นะ,fatigue,office,true,ค่อย ๆ นะ,draft.fatigue.029,Keep it gentle.
draft_fatigue_030,en,0,speaker,Need a reset.,fatigue,office,true,Need a reset.,draft.fatigue.030,Need a reset.
draft_fatigue_030,th,0,speaker,ขอรีเซ็ต,fatigue,office,true,ขอรีเซ็ต,draft.fatigue.030,Need a reset.
draft_fatigue_031,en,0,speaker,Half speed.,fatigue,office,true,Half speed.,draft.fatigue.031,Half speed.
draft_fatigue_031,th,0,speaker,ความเร็วครึ่งเดียว,fatigue,office,false,ความเร็วครึ่งเดียว,draft.fatigue.031,Half speed.
draft_fatigue_032,en,0,speaker,Quiet please.,fatigue,office,true,Quiet please.,draft.fatigue.032,Quiet please.
draft_fatigue_032,th,0,speaker,ขอความเงียบ,fatigue,office,true,ขอความเงียบ,draft.fatigue.032,Quiet please.
draft_fatigue_033,en,0,speaker,Too much screen.,fatigue,office,false,Too much screen.,draft.fatigue.033,Too much screen.
draft_fatigue_033,th,0,speaker,จอเยอะไปแล้ว,fatigue,office,true,จอเยอะไปแล้ว,draft.fatigue.033,Too much screen.
draft_fatigue_034,en,0,speaker,Sip break.,fatigue,office,true,Sip break.,draft.fatigue.034,Sip break.
draft_fatigue_034,th,0,speaker,พักจิบหน่อย,fatigue,office,true,พักจิบหน่อย,draft.fatigue.034,Sip break.
draft_fatigue_035,en,0,speaker,Sleepy thoughts.,fatigue,office,false,Sleepy thoughts.,draft.fatigue.035,Sleepy thoughts.
draft_fatigue_035,th,0,speaker,คิดแบบง่วง ๆ,fatigue,office,true,คิดแบบง่วง ๆ,draft.fatigue.035,Sleepy thoughts.
draft_fatigue_036,en,0,speaker,Heavy eyelids.,fatigue,office,true,Heavy eyelids.,draft.fatigue.036,Heavy eyelids.
draft_fatigue_036,th,0,speaker,เปลือกตาหนัก,fatigue,office,true,เปลือกตาหนัก,draft.fatigue.036,Heavy eyelids.
draft_fatigue_037,en,0,speaker,Long queue.,fatigue,office,true,Long queue.,draft.fatigue.037,Long queue.
draft_fatigue_037,th,0,speaker,คิวยาวจัง,fatigue,office,true,คิวยาวจัง,draft.fatigue.037,Long queue.
draft_fatigue_038,en,0,speaker,Long commute.,fatigue,office,false,Long commute.,draft.fatigue.038,Long commute.
draft_fatigue_038,th,0,speaker,เดินทางนาน,fatigue,office,true,เดินทางนาน,draft.fatigue.038,Long commute.
draft_fatigue_039,en,0,speaker,Back-to-back.,fatigue,office,true,Back-to-back.,draft.fatigue.039,Back-to-back.
draft_fatigue_039,th,0,speaker,ต่อกันไม่หยุด,fatigue,office,true,ต่อกันไม่หยุด,draft.fatigue.039,Back-to-back.
draft_fatigue_040,en,0,speaker,Mind wandering.,fatigue,office,false,Mind wandering.,draft.fatigue.040,Mind wandering.
draft_fatigue_040,th,0,speaker,ใจลอยแล้ว,fatigue,office,true,ใจลอยแล้ว,draft.fatigue.040,Mind wandering.
draft_fatigue_041,en,0,speaker,Need a minute.,fatigue,office,false,Need a minute.,draft.fatigue.041,Need a minute.
draft_fatigue_041,th,0,speaker,ขอเวลานาทีหนึ่ง,fatigue,office,true,ขอเวลานาทีหนึ่ง,draft.fatigue.041,Need a minute.
draft_fatigue_042,en,0,speaker,Low-power mode.,fatigue,office,false,Low-power mode.,draft.fatigue.042,Low-power mode.
draft_fatigue_042,th,0,speaker,โหมดประหยัดพลัง,fatigue,office,false,โหมดประหยัดพลัง,draft.fatigue.042,Low-power mode.
draft_fatigue_043,en,0,speaker,"Almost done, me too.",fatigue,office,false,"Almost done, me too.",draft.fatigue.043,"Almost done, me too."
draft_fatigue_043,th,0,speaker,เกือบเสร็จ ฉันก็เหมือนกัน,fatigue,office,false,เกือบเสร็จ ฉันก็เหมือนกัน,draft.fatigue.043,"Almost done, me too."
draft_fatigue_044,en,0,speaker,Rest sounds good.,fatigue,office,false,Rest sounds good.,draft.fatigue.044,Rest sounds good.
draft_fatigue_044,th,0,speaker,พักก็ดีนะ,fatigue,office,true,พักก็ดีนะ,draft.fatigue.044,Rest sounds good.
draft_fatigue_045,en,0,speaker,Today took it.,fatigue,office,true,Today took it.,draft.fatigue.045,Today took it.
draft_fatigue_045,th,0,speaker,วันนี้ดูดพลังไป,fatigue,office,true,วันนี้ดูดพลังไป,draft.fatigue.045,Today took it.
draft_fatigue_046,en,0,speaker,Let's slow down.,fatigue,office,false,Let's slow down.,draft.fatigue.046,Let's slow down.
draft_fatigue_046,th,0,speaker,ช้าลงหน่อย,fatigue,office,true,ช้าลงหน่อย,draft.fatigue.046,Let's slow down.
draft_fatigue_047,en,0,speaker,Still standing.,fatigue,office,true,Still standing.,draft.fatigue.047,Still standing.
draft_fatigue_047,th,0,speaker,ยังยืนไหว,fatigue,office,true,ยังยืนไหว,draft.fatigue.047,Still standing.
draft_fatigue_048,en,0,speaker,Tomorrow helps.,fatigue,office,false,Tomorrow helps.,draft.fatigue.048,Tomorrow helps.
draft_fatigue_048,th,0,speaker,พรุ่งนี้ค่อยดีขึ้น,fatigue,office,true,พรุ่งนี้ค่อยดีขึ้น,draft.fatigue.048,Tomorrow helps.
draft_fatigue_049,en,0,speaker,Blanket thoughts.,fatigue,office,false,Blanket thoughts.,draft.fatigue.049,Blanket thoughts.
draft_fatigue_049,th,0,speaker,อยากห่มผ้าแล้ว,fatigue,office,true,อยากห่มผ้าแล้ว,draft.fatigue.049,Blanket thoughts.
draft_fatigue_050,en,0,speaker,Battery saver.,fatigue,office,true,Battery saver.,draft.fatigue.050,Battery saver.
draft_fatigue_050,th,0,speaker,โหมดประหยัดแบต,fatigue,office,false,โหมดประหยัดแบต,draft.fatigue.050,Battery saver.
draft_leaving_001,en,0,speaker,I'm off.,leaving,office,true,I'm off.,draft.leaving.001,I'm off.
draft_leaving_001,th,0,speaker,ฉันไปก่อนนะ,leaving,office,true,ฉันไปก่อนนะ,draft.leaving.001,I'm off.
draft_leaving_002,en,0,speaker,Time to go.,leaving,office,true,Time to go.,draft.leaving.002,Time to go.
draft_leaving_002,th,0,speaker,ได้เวลากลับแล้ว,leaving,office,true,ได้เวลากลับแล้ว,draft.leaving.002,Time to go.
draft_leaving_003,en,0,speaker,See ya!,leaving,office,true,See ya!,draft.leaving.003,See ya!
draft_leaving_003,th,0,speaker,ไว้เจอกัน!,leaving,office,true,ไว้เจอกัน!,draft.leaving.003,See ya!
draft_leaving_004,en,0,speaker,See you tomorrow.,leaving,office,false,See you tomorrow.,draft.leaving.004,See you tomorrow.
draft_leaving_004,th,0,speaker,พรุ่งนี้เจอกัน,leaving,office,true,พรุ่งนี้เจอกัน,draft.leaving.004,See you tomorrow.
draft_leaving_005,en,0,speaker,Have a good night.,leaving,office,false,Have a good night.,draft.leaving.005,Have a good night.
draft_leaving_005,th,0,speaker,ราตรีสวัสดิ์นะ,leaving,office,true,ราตรีสวัสดิ์นะ,draft.leaving.005,Have a good night.
draft_leaving_006,en,0,speaker,Take care.,leaving,office,true,Take care.,draft.leaving.006,Take care.
draft_leaving_006,th,0,speaker,รักษาตัวนะ,leaving,office,true,รักษาตัวนะ,draft.leaving.006,Take care.
draft_leaving_007,en,0,speaker,Good work today.,leaving,office,false,Good work today.,draft.leaving.007,Good work today.
draft_leaving_007,th,0,speaker,วันนี้ทำได้ดีนะ,leaving,office,true,วันนี้ทำได้ดีนะ,draft.leaving.007,Good work today.
draft_leaving_008,en,0,speaker,Desk is saved.,leaving,office,true,Desk is saved.,draft.leaving.008,Desk is saved.
draft_leaving_008,th,0,speaker,โต๊ะเรียบร้อยแล้ว,leaving,office,false,โต๊ะเรียบร้อยแล้ว,draft.leaving.008,Desk is saved.
draft_leaving_009,en,0,speaker,File is backed up.,leaving,office,false,File is backed up.,draft.leaving.009,File is backed up.
draft_leaving_009,th,0,speaker,สำรองไฟล์แล้ว,leaving,office,true,สำรองไฟล์แล้ว,draft.leaving.009,File is backed up.
draft_leaving_010,en,0,speaker,Last note saved.,leaving,office,false,Last note saved.,draft.leaving.010,Last note saved.
draft_leaving_010,th,0,speaker,บันทึกโน้ตสุดท้ายแล้ว,leaving,office,false,บันทึกโน้ตสุดท้ายแล้ว,draft.leaving.010,Last note saved.
draft_leaving_011,en,0,speaker,Lights out soon.,leaving,office,false,Lights out soon.,draft.leaving.011,Lights out soon.
draft_leaving_011,th,0,speaker,ไฟจะปิดแล้ว,leaving,office,true,ไฟจะปิดแล้ว,draft.leaving.011,Lights out soon.
draft_leaving_012,en,0,speaker,Coffee cup empty.,leaving,office,false,Coffee cup empty.,draft.leaving.012,Coffee cup empty.
draft_leaving_012,th,0,speaker,แก้วกาแฟว่างแล้ว,leaving,office,true,แก้วกาแฟว่างแล้ว,draft.leaving.012,Coffee cup empty.
draft_leaving_013,en,0,speaker,Door is calling.,leaving,office,true,Door is calling.,draft.leaving.013,Door is calling.
draft_leaving_013,th,0,speaker,ประตูเรียกแล้ว,leaving,office,true,ประตูเรียกแล้ว,draft.leaving.013,Door is calling.
draft_leaving_014,en,0,speaker,Rain is waiting.,leaving,office,true,Rain is waiting.,draft.leaving.014,Rain is waiting.
draft_leaving_014,th,0,speaker,ฝนรออยู่ข้างนอก,leaving,office,false,ฝนรออยู่ข้างนอก,draft.leaving.014,Rain is waiting.
draft_leaving_015,en,0,speaker,"Weekend, here I come.",leaving,office,false,"Weekend, here I come.",draft.leaving.015,"Weekend, here I come."
draft_leaving_015,th,0,speaker,สุดสัปดาห์มาแล้ว,leaving,office,false,สุดสัปดาห์มาแล้ว,draft.leaving.015,"Weekend, here I come."
draft_leaving_016,en,0,speaker,"Friday, finally.",leaving,office,true,"Friday, finally.",draft.leaving.016,"Friday, finally."
draft_leaving_016,th,0,speaker,วันศุกร์สักที,leaving,office,true,วันศุกร์สักที,draft.leaving.016,"Friday, finally."
draft_leaving_017,en,0,speaker,Calling it a day.,leaving,office,false,Calling it a day.,draft.leaving.017,Calling it a day.
draft_leaving_017,th,0,speaker,พอแค่นี้วันนี้,leaving,office,true,พอแค่นี้วันนี้,draft.leaving.017,Calling it a day.
draft_leaving_018,en,0,speaker,Signing off.,leaving,office,true,Signing off.,draft.leaving.018,Signing off.
draft_leaving_018,th,0,speaker,ขอปิดงานนะ,leaving,office,true,ขอปิดงานนะ,draft.leaving.018,Signing off.
draft_leaving_019,en,0,speaker,Logging out.,leaving,office,true,Logging out.,draft.leaving.019,Logging out.
draft_leaving_019,th,0,speaker,ออกจากระบบก่อน,leaving,office,false,ออกจากระบบก่อน,draft.leaving.019,Logging out.
draft_leaving_020,en,0,speaker,Closing the desk.,leaving,office,false,Closing the desk.,draft.leaving.020,Closing the desk.
draft_leaving_020,th,0,speaker,ปิดโต๊ะก่อน,leaving,office,true,ปิดโต๊ะก่อน,draft.leaving.020,Closing the desk.
draft_leaving_021,en,0,speaker,That's enough.,leaving,office,true,That's enough.,draft.leaving.021,That's enough.
draft_leaving_021,th,0,speaker,พอแค่นี้ก่อน,leaving,office,true,พอแค่นี้ก่อน,draft.leaving.021,That's enough.
draft_leaving_022,en,0,speaker,Home sounds good.,leaving,office,false,Home sounds good.,draft.leaving.022,Home sounds good.
draft_leaving_022,th,0,speaker,กลับกันเถอะ,leaving,office,true,กลับกันเถอะ,draft.leaving.022,Home sounds good.
draft_leaving_023,en,0,speaker,One last look.,leaving,office,true,One last look.,draft.leaving.023,One last look.
draft_leaving_023,th,0,speaker,ดูครั้งสุดท้าย,leaving,office,true,ดูครั้งสุดท้าย,draft.leaving.023,One last look.
draft_leaving_024,en,0,speaker,Everything is safe.,leaving,office,false,Everything is safe.,draft.leaving.024,Everything is safe.
draft_leaving_024,th,0,speaker,ทุกอย่างปลอดภัย,leaving,office,false,ทุกอย่างปลอดภัย,draft.leaving.024,Everything is safe.
draft_leaving_025,en,0,speaker,Tomorrow can wait.,leaving,office,false,Tomorrow can wait.,draft.leaving.025,Tomorrow can wait.
draft_leaving_025,th,0,speaker,พรุ่งนี้ค่อยว่ากัน,leaving,office,true,พรุ่งนี้ค่อยว่ากัน,draft.leaving.025,Tomorrow can wait.
draft_leaving_026,en,0,speaker,Morning can handle it.,leaving,office,false,Morning can handle it.,draft.leaving.026,Morning can handle it.
draft_leaving_026,th,0,speaker,พรุ่งนี้เช้าค่อยทำ,leaving,office,true,พรุ่งนี้เช้าค่อยทำ,draft.leaving.026,Morning can handle it.
draft_leaving_027,en,0,speaker,Pack it up.,leaving,office,true,Pack it up.,draft.leaving.027,Pack it up.
draft_leaving_027,th,0,speaker,เก็บของกัน,leaving,office,true,เก็บของกัน,draft.leaving.027,Pack it up.
draft_leaving_028,en,0,speaker,Save and go.,leaving,office,true,Save and go.,draft.leaving.028,Save and go.
draft_leaving_028,th,0,speaker,บันทึกแล้วกลับ,leaving,office,true,บันทึกแล้วกลับ,draft.leaving.028,Save and go.
draft_leaving_029,en,0,speaker,Lock the screen.,leaving,office,false,Lock the screen.,draft.leaving.029,Lock the screen.
draft_leaving_029,th,0,speaker,ล็อกหน้าจอ,leaving,office,true,ล็อกหน้าจอ,draft.leaving.029,Lock the screen.
draft_leaving_030,en,0,speaker,Off to recharge.,leaving,office,false,Off to recharge.,draft.leaving.030,Off to recharge.
draft_leaving_030,th,0,speaker,ไปเติมพลังแล้ว,leaving,office,true,ไปเติมพลังแล้ว,draft.leaving.030,Off to recharge.
draft_leaving_031,en,0,speaker,Quiet exit.,leaving,office,true,Quiet exit.,draft.leaving.031,Quiet exit.
draft_leaving_031,th,0,speaker,ออกเงียบ ๆ,leaving,office,true,ออกเงียบ ๆ,draft.leaving.031,Quiet exit.
draft_leaving_032,en,0,speaker,See you around.,leaving,office,false,See you around.,draft.leaving.032,See you around.
draft_leaving_032,th,0,speaker,แล้วพบกัน,leaving,office,true,แล้วพบกัน,draft.leaving.032,See you around.
draft_leaving_033,en,0,speaker,Until next time.,leaving,office,false,Until next time.,draft.leaving.033,Until next time.
draft_leaving_033,th,0,speaker,ไว้พบกันใหม่,leaving,office,true,ไว้พบกันใหม่,draft.leaving.033,Until next time.
draft_leaving_034,en,0,speaker,"Good night, team.",leaving,office,false,"Good night, team.",draft.leaving.034,"Good night, team."
draft_leaving_034,th,0,speaker,ราตรีสวัสดิ์ทุกคน,leaving,office,false,ราตรีสวัสดิ์ทุกคน,draft.leaving.034,"Good night, team."
draft_leaving_035,en,0,speaker,Calm evening.,leaving,office,true,Calm evening.,draft.leaving.035,Calm evening.
draft_leaving_035,th,0,speaker,เย็นนี้พักผ่อนนะ,leaving,office,true,เย็นนี้พักผ่อนนะ,draft.leaving.035,Calm evening.
draft_leaving_036,en,0,speaker,Safe trip home.,leaving,office,false,Safe trip home.,draft.leaving.036,Safe trip home.
draft_leaving_036,th,0,speaker,กลับบ้านปลอดภัย,leaving,office,false,กลับบ้านปลอดภัย,draft.leaving.036,Safe trip home.
draft_leaving_037,en,0,speaker,Don't work late.,leaving,office,false,Don't work late.,draft.leaving.037,Don't work late.
draft_leaving_037,th,0,speaker,อย่าทำงานดึกนะ,leaving,office,true,อย่าทำงานดึกนะ,draft.leaving.037,Don't work late.
draft_leaving_038,en,0,speaker,Save some for tomorrow.,leaving,office,false,Save some for tomorrow.,draft.leaving.038,Save some for tomorrow.
draft_leaving_038,th,0,speaker,เก็บไว้พรุ่งนี้บ้าง,leaving,office,true,เก็บไว้พรุ่งนี้บ้าง,draft.leaving.038,Save some for tomorrow.
draft_leaving_039,en,0,speaker,Day complete.,leaving,office,true,Day complete.,draft.leaving.039,Day complete.
draft_leaving_039,th,0,speaker,วันนี้จบแล้ว,leaving,office,true,วันนี้จบแล้ว,draft.leaving.039,Day complete.
draft_leaving_040,en,0,speaker,Last one out?,leaving,office,true,Last one out?,draft.leaving.040,Last one out?
draft_leaving_040,th,0,speaker,ใครออกคนสุดท้าย?,leaving,office,false,ใครออกคนสุดท้าย?,draft.leaving.040,Last one out?
draft_leaving_041,en,0,speaker,Shutting down.,leaving,office,true,Shutting down.,draft.leaving.041,Shutting down.
draft_leaving_041,th,0,speaker,กำลังปิดเครื่อง,leaving,office,true,กำลังปิดเครื่อง,draft.leaving.041,Shutting down.
draft_leaving_042,en,0,speaker,See you after lunch.,leaving,office,false,See you after lunch.,draft.leaving.042,See you after lunch.
draft_leaving_042,th,0,speaker,เจอกันหลังพักเที่ยง,leaving,office,false,เจอกันหลังพักเที่ยง,draft.leaving.042,See you after lunch.
draft_leaving_043,en,0,speaker,Enjoy the break.,leaving,office,false,Enjoy the break.,draft.leaving.043,Enjoy the break.
draft_leaving_043,th,0,speaker,พักให้เต็มที่นะ,leaving,office,true,พักให้เต็มที่นะ,draft.leaving.043,Enjoy the break.
draft_leaving_044,en,0,speaker,Fresh air time.,leaving,office,true,Fresh air time.,draft.leaving.044,Fresh air time.
draft_leaving_044,th,0,speaker,ได้เวลาออกไปสูดอากาศ,leaving,office,false,ได้เวลาออกไปสูดอากาศ,draft.leaving.044,Fresh air time.
draft_leaving_045,en,0,speaker,Back tomorrow.,leaving,office,false,Back tomorrow.,draft.leaving.045,Back tomorrow.
draft_leaving_045,th,0,speaker,พรุ่งนี้กลับมา,leaving,office,true,พรุ่งนี้กลับมา,draft.leaving.045,Back tomorrow.
draft_leaving_046,en,0,speaker,Goodbye for now.,leaving,office,false,Goodbye for now.,draft.leaving.046,Goodbye for now.
draft_leaving_046,th,0,speaker,ลาก่อนชั่วคราว,leaving,office,true,ลาก่อนชั่วคราว,draft.leaving.046,Goodbye for now.
draft_leaving_047,en,0,speaker,Out the door.,leaving,office,true,Out the door.,draft.leaving.047,Out the door.
draft_leaving_047,th,0,speaker,ออกประตูแล้ว,leaving,office,true,ออกประตูแล้ว,draft.leaving.047,Out the door.
draft_leaving_048,en,0,speaker,Desk lights off.,leaving,office,false,Desk lights off.,draft.leaving.048,Desk lights off.
draft_leaving_048,th,0,speaker,ปิดไฟโต๊ะแล้ว,leaving,office,true,ปิดไฟโต๊ะแล้ว,draft.leaving.048,Desk lights off.
draft_leaving_049,en,0,speaker,Rest well.,leaving,office,true,Rest well.,draft.leaving.049,Rest well.
draft_leaving_049,th,0,speaker,พักผ่อนให้ดี,leaving,office,true,พักผ่อนให้ดี,draft.leaving.049,Rest well.
draft_leaving_050,en,0,speaker,Until tomorrow.,leaving,office,false,Until tomorrow.,draft.leaving.050,Until tomorrow.
draft_leaving_050,th,0,speaker,ไว้เจอกันพรุ่งนี้,leaving,office,true,ไว้เจอกันพรุ่งนี้,draft.leaving.050,Until tomorrow.
